source,head,tail,type_raw,type_skos
nist_csf_v1.1,nist_csf_v1.1:de.ae,nist_csf_v1.1:de,,skos:broadMatch
nist_csf_v1.1,nist_csf_v1.1:de.ae-1,nist_csf_v1.1:de.ae,,skos:broadMatch
nist_csf_v1.1,nist_csf_v1.1:de.ae-2,nist_csf_v1.1:de.ae,,skos:broadMatch
nist_csf_v1.1,nist_csf_v1.1:de.ae-3,nist_csf_v1.1:de.ae,,skos:broadMatch
nist_csf_v1.1,nist_csf_v1.1:de.ae-4,nist_csf_v1.1:de.ae,,skos:broadMatch
nist_csf_v1.1,nist_csf_v1.1:de.ae-5,nist_csf_v1.1:de.ae,,skos:broadMatch
nist_csf_v1.1,nist_csf_v1.1:de.cm,nist_csf_v1.1:de,,skos:broadMatch
nist_csf_v1.1,nist_csf_v1.1:de.cm-1,nist_csf_v1.1:de.cm,,skos:broadMatch
nist_csf_v1.1,nist_csf_v1.1:de.cm-2,nist_csf_v1.1:de.cm,,skos:broadMatch
nist_csf_v1.1,nist_csf_v1.1:de.cm-3,nist_csf_v1.1:de.cm,,skos:broadMatch
nist_csf_v1.1,nist_csf_v1.1:de.cm-4,nist_csf_v1.1:de.cm,,skos:broadMatch
nist_csf_v1.1,nist_csf_v1.1:de.cm-5,nist_csf_v1.1:de.cm,,skos:broadMatch
nist_csf_v1.1,nist_csf_v1.1:de.cm-6,nist_csf_v1.1:de.cm,,skos:broadMatch
nist_csf_v1.1,nist_csf_v1.1:de.cm-7,nist_csf_v1.1:de.cm,,skos:broadMatch
nist_csf_v1.1,nist_csf_v1.1:de.cm-8,nist_csf_v1.1:de.cm,,skos:broadMatch
nist_csf_v1.1,nist_csf_v1.1:de.dp,nist_csf_v1.1:de,,skos:broadMatch
nist_csf_v1.1,nist_csf_v1.1:de.dp-1,nist_csf_v1.1:de.dp,,skos:broadMatch
nist_csf_v1.1,nist_csf_v1.1:de.dp-2,nist_csf_v1.1:de.dp,,skos:broadMatch
nist_csf_v1.1,nist_csf_v1.1:de.dp-3,nist_csf_v1.1:de.dp,,skos:broadMatch
nist_csf_v1.1,nist_csf_v1.1:de.dp-4,nist_csf_v1.1:de.dp,,skos:broadMatch
nist_csf_v1.1,nist_csf_v1.1:de.dp-5,nist_csf_v1.1:de.dp,,skos:broadMatch
nist_csf_v1.1,nist_csf_v1.1:id.am,nist_csf_v1.1:id,,skos:broadMatch
nist_csf_v1.1,nist_csf_v1.1:id.am-1,nist_csf_v1.1:id.am,,skos:broadMatch
nist_csf_v1.1,nist_csf_v1.1:id.am-2,nist_csf_v1.1:id.am,,skos:broadMatch
nist_csf_v1.1,nist_csf_v1.1:id.am-3,nist_csf_v1.1:id.am,,skos:broadMatch
nist_csf_v1.1,nist_csf_v1.1:id.am-4,nist_csf_v1.1:id.am,,skos:broadMatch
nist_csf_v1.1,nist_csf_v1.1:id.am-5,nist_csf_v1.1:id.am,,skos:broadMatch
nist_csf_v1.1,nist_csf_v1.1:id.am-6,nist_csf_v1.1:id.am,,skos:broadMatch
nist_csf_v1.1,nist_csf_v1.1:id.be,nist_csf_v1.1:id,,skos:broadMatch
nist_csf_v1.1,nist_csf_v1.1:id.be-1,nist_csf_v1.1:id.be,,skos:broadMatch
nist_csf_v1.1,nist_csf_v1.1:id.be-2,nist_csf_v1.1:id.be,,skos:broadMatch
nist_csf_v1.1,nist_csf_v1.1:id.be-3,nist_csf_v1.1:id.be,,skos:broadMatch
nist_csf_v1.1,nist_csf_v1.1:id.be-4,nist_csf_v1.1:id.be,,skos:broadMatch
nist_csf_v1.1,nist_csf_v1.1:id.be-5,nist_csf_v1.1:id.be,,skos:broadMatch
nist_csf_v1.1,nist_csf_v1.1:id.gv,nist_csf_v1.1:id,,skos:broadMatch
nist_csf_v1.1,nist_csf_v1.1:id.gv-1,nist_csf_v1.1:id.gv,,skos:broadMatch
nist_csf_v1.1,nist_csf_v1.1:id.gv-2,nist_csf_v1.1:id.gv,,skos:broadMatch
nist_csf_v1.1,nist_csf_v1.1:id.gv-3,nist_csf_v1.1:id.gv,,skos:broadMatch
nist_csf_v1.1,nist_csf_v1.1:id.gv-4,nist_csf_v1.1:id.gv,,skos:broadMatch
nist_csf_v1.1,nist_csf_v1.1:id.ra,nist_csf_v1.1:id,,skos:broadMatch
nist_csf_v1.1,nist_csf_v1.1:id.ra-1,nist_csf_v1.1:id.ra,,skos:broadMatch
nist_csf_v1.1,nist_csf_v1.1:id.ra-2,nist_csf_v1.1:id.ra,,skos:broadMatch
nist_csf_v1.1,nist_csf_v1.1:id.ra-3,nist_csf_v1.1:id.ra,,skos:broadMatch
nist_csf_v1.1,nist_csf_v1.1:id.ra-4,nist_csf_v1.1:id.ra,,skos:broadMatch
nist_csf_v1.1,nist_csf_v1.1:id.ra-5,nist_csf_v1.1:id.ra,,skos:broadMatch
nist_csf_v1.1,nist_csf_v1.1:id.ra-6,nist_csf_v1.1:id.ra,,skos:broadMatch
nist_csf_v1.1,nist_csf_v1.1:id.rm,nist_csf_v1.1:id,,skos:broadMatch
nist_csf_v1.1,nist_csf_v1.1:id.rm-1,nist_csf_v1.1:id.rm,,skos:broadMatch
nist_csf_v1.1,nist_csf_v1.1:id.rm-2,nist_csf_v1.1:id.rm,,skos:broadMatch
nist_csf_v1.1,nist_csf_v1.1:id.rm-3,nist_csf_v1.1:id.rm,,skos:broadMatch
nist_csf_v1.1,nist_csf_v1.1:id.sc,nist_csf_v1.1:id,,skos:broadMatch
nist_csf_v1.1,nist_csf_v1.1:id.sc-1,nist_csf_v1.1:id.sc,,skos:broadMatch
nist_csf_v1.1,nist_csf_v1.1:id.sc-2,nist_csf_v1.1:id.sc,,skos:broadMatch
nist_csf_v1.1,nist_csf_v1.1:id.sc-3,nist_csf_v1.1:id.sc,,skos:broadMatch
nist_csf_v1.1,nist_csf_v1.1:id.sc-4,nist_csf_v1.1:id.sc,,skos:broadMatch
nist_csf_v1.1,nist_csf_v1.1:id.sc-5,nist_csf_v1.1:id.sc,,skos:broadMatch
nist_csf_v1.1,nist_csf_v1.1:pr.ac,nist_csf_v1.1:pr,,skos:broadMatch
nist_csf_v1.1,nist_csf_v1.1:pr.ac-1,nist_csf_v1.1:pr.ac,,skos:broadMatch
nist_csf_v1.1,nist_csf_v1.1:pr.ac-2,nist_csf_v1.1:pr.ac,,skos:broadMatch
nist_csf_v1.1,nist_csf_v1.1:pr.ac-3,nist_csf_v1.1:pr.ac,,skos:broadMatch
nist_csf_v1.1,nist_csf_v1.1:pr.ac-4,nist_csf_v1.1:pr.ac,,skos:broadMatch
nist_csf_v1.1,nist_csf_v1.1:pr.ac-5,nist_csf_v1.1:pr.ac,,skos:broadMatch
nist_csf_v1.1,nist_csf_v1.1:pr.ac-6,nist_csf_v1.1:pr.ac,,skos:broadMatch
nist_csf_v1.1,nist_csf_v1.1:pr.ac-7,nist_csf_v1.1:pr.ac,,skos:broadMatch
nist_csf_v1.1,nist_csf_v1.1:pr.at,nist_csf_v1.1:pr,,skos:broadMatch
nist_csf_v1.1,nist_csf_v1.1:pr.at-1,nist_csf_v1.1:pr.at,,skos:broadMatch
nist_csf_v1.1,nist_csf_v1.1:pr.at-2,nist_csf_v1.1:pr.at,,skos:broadMatch
nist_csf_v1.1,nist_csf_v1.1:pr.at-3,nist_csf_v1.1:pr.at,,skos:broadMatch
nist_csf_v1.1,nist_csf_v1.1:pr.at-4,nist_csf_v1.1:pr.at,,skos:broadMatch
nist_csf_v1.1,nist_csf_v1.1:pr.at-5,nist_csf_v1.1:pr.at,,skos:broadMatch
nist_csf_v1.1,nist_csf_v1.1:pr.ds,nist_csf_v1.1:pr,,skos:broadMatch
nist_csf_v1.1,nist_csf_v1.1:pr.ds-1,nist_csf_v1.1:pr.ds,,skos:broadMatch
nist_csf_v1.1,nist_csf_v1.1:pr.ds-2,nist_csf_v1.1:pr.ds,,skos:broadMatch
nist_csf_v1.1,nist_csf_v1.1:pr.ds-3,nist_csf_v1.1:pr.ds,,skos:broadMatch
nist_csf_v1.1,nist_csf_v1.1:pr.ds-4,nist_csf_v1.1:pr.ds,,skos:broadMatch
nist_csf_v1.1,nist_csf_v1.1:pr.ds-5,nist_csf_v1.1:pr.ds,,skos:broadMatch
nist_csf_v1.1,nist_csf_v1.1:pr.ds-6,nist_csf_v1.1:pr.ds,,skos:broadMatch
nist_csf_v1.1,nist_csf_v1.1:pr.ds-7,nist_csf_v1.1:pr.ds,,skos:broadMatch
nist_csf_v1.1,nist_csf_v1.1:pr.ds-8,nist_csf_v1.1:pr.ds,,skos:broadMatch
nist_csf_v1.1,nist_csf_v1.1:pr.ip,nist_csf_v1.1:pr,,skos:broadMatch
nist_csf_v1.1,nist_csf_v1.1:pr.ip-1,nist_csf_v1.1:pr.ip,,skos:broadMatch
nist_csf_v1.1,nist_csf_v1.1:pr.ip-10,nist_csf_v1.1:pr.ip,,skos:broadMatch
nist_csf_v1.1,nist_csf_v1.1:pr.ip-11,nist_csf_v1.1:pr.ip,,skos:broadMatch
nist_csf_v1.1,nist_csf_v1.1:pr.ip-12,nist_csf_v1.1:pr.ip,,skos:broadMatch
nist_csf_v1.1,nist_csf_v1.1:pr.ip-2,nist_csf_v1.1:pr.ip,,skos:broadMatch
nist_csf_v1.1,nist_csf_v1.1:pr.ip-3,nist_csf_v1.1:pr.ip,,skos:broadMatch
nist_csf_v1.1,nist_csf_v1.1:pr.ip-4,nist_csf_v1.1:pr.ip,,skos:broadMatch
nist_csf_v1.1,nist_csf_v1.1:pr.ip-5,nist_csf_v1.1:pr.ip,,skos:broadMatch
nist_csf_v1.1,nist_csf_v1.1:pr.ip-6,nist_csf_v1.1:pr.ip,,skos:broadMatch
nist_csf_v1.1,nist_csf_v1.1:pr.ip-7,nist_csf_v1.1:pr.ip,,skos:broadMatch
nist_csf_v1.1,nist_csf_v1.1:pr.ip-8,nist_csf_v1.1:pr.ip,,skos:broadMatch
nist_csf_v1.1,nist_csf_v1.1:pr.ip-9,nist_csf_v1.1:pr.ip,,skos:broadMatch
nist_csf_v1.1,nist_csf_v1.1:pr.ma,nist_csf_v1.1:pr,,skos:broadMatch
nist_csf_v1.1,nist_csf_v1.1:pr.ma-1,nist_csf_v1.1:pr.ma,,skos:broadMatch
nist_csf_v1.1,nist_csf_v1.1:pr.ma-2,nist_csf_v1.1:pr.ma,,skos:broadMatch
nist_csf_v1.1,nist_csf_v1.1:pr.pt,nist_csf_v1.1:pr,,skos:broadMatch
nist_csf_v1.1,nist_csf_v1.1:pr.pt-1,nist_csf_v1.1:pr.pt,,skos:broadMatch
nist_csf_v1.1,nist_csf_v1.1:pr.pt-2,nist_csf_v1.1:pr.pt,,skos:broadMatch
nist_csf_v1.1,nist_csf_v1.1:pr.pt-3,nist_csf_v1.1:pr.pt,,skos:broadMatch
nist_csf_v1.1,nist_csf_v1.1:pr.pt-4,nist_csf_v1.1:pr.pt,,skos:broadMatch
nist_csf_v1.1,nist_csf_v1.1:pr.pt-5,nist_csf_v1.1:pr.pt,,skos:broadMatch
nist_csf_v1.1,nist_csf_v1.1:rc.co,nist_csf_v1.1:rc,,skos:broadMatch
nist_csf_v1.1,nist_csf_v1.1:rc.co-1,nist_csf_v1.1:rc.co,,skos:broadMatch
nist_csf_v1.1,nist_csf_v1.1:rc.co-2,nist_csf_v1.1:rc.co,,skos:broadMatch
nist_csf_v1.1,nist_csf_v1.1:rc.co-3,nist_csf_v1.1:rc.co,,skos:broadMatch
nist_csf_v1.1,nist_csf_v1.1:rc.im,nist_csf_v1.1:rc,,skos:broadMatch
nist_csf_v1.1,nist_csf_v1.1:rc.im-1,nist_csf_v1.1:rc.im,,skos:broadMatch
nist_csf_v1.1,nist_csf_v1.1:rc.im-2,nist_csf_v1.1:rc.im,,skos:broadMatch
nist_csf_v1.1,nist_csf_v1.1:rc.rp,nist_csf_v1.1:rc,,skos:broadMatch
nist_csf_v1.1,nist_csf_v1.1:rc.rp-1,nist_csf_v1.1:rc.rp,,skos:broadMatch
nist_csf_v1.1,nist_csf_v1.1:rs.an,nist_csf_v1.1:rs,,skos:broadMatch
nist_csf_v1.1,nist_csf_v1.1:rs.an-1,nist_csf_v1.1:rs.an,,skos:broadMatch
nist_csf_v1.1,nist_csf_v1.1:rs.an-2,nist_csf_v1.1:rs.an,,skos:broadMatch
nist_csf_v1.1,nist_csf_v1.1:rs.an-3,nist_csf_v1.1:rs.an,,skos:broadMatch
nist_csf_v1.1,nist_csf_v1.1:rs.an-4,nist_csf_v1.1:rs.an,,skos:broadMatch
nist_csf_v1.1,nist_csf_v1.1:rs.an-5,nist_csf_v1.1:rs.an,,skos:broadMatch
nist_csf_v1.1,nist_csf_v1.1:rs.co,nist_csf_v1.1:rs,,skos:broadMatch
nist_csf_v1.1,nist_csf_v1.1:rs.co-1,nist_csf_v1.1:rs.co,,skos:broadMatch
nist_csf_v1.1,nist_csf_v1.1:rs.co-2,nist_csf_v1.1:rs.co,,skos:broadMatch
nist_csf_v1.1,nist_csf_v1.1:rs.co-3,nist_csf_v1.1:rs.co,,skos:broadMatch
nist_csf_v1.1,nist_csf_v1.1:rs.co-4,nist_csf_v1.1:rs.co,,skos:broadMatch
nist_csf_v1.1,nist_csf_v1.1:rs.co-5,nist_csf_v1.1:rs.co,,skos:broadMatch
nist_csf_v1.1,nist_csf_v1.1:rs.im,nist_csf_v1.1:rs,,skos:broadMatch
nist_csf_v1.1,nist_csf_v1.1:rs.im-1,nist_csf_v1.1:rs.im,,skos:broadMatch
nist_csf_v1.1,nist_csf_v1.1:rs.im-2,nist_csf_v1.1:rs.im,,skos:broadMatch
nist_csf_v1.1,nist_csf_v1.1:rs.mi,nist_csf_v1.1:rs,,skos:broadMatch
nist_csf_v1.1,nist_csf_v1.1:rs.mi-1,nist_csf_v1.1:rs.mi,,skos:broadMatch
nist_csf_v1.1,nist_csf_v1.1:rs.mi-2,nist_csf_v1.1:rs.mi,,skos:broadMatch
nist_csf_v1.1,nist_csf_v1.1:rs.mi-3,nist_csf_v1.1:rs.mi,,skos:broadMatch
nist_csf_v1.1,nist_csf_v1.1:rs.rp,nist_csf_v1.1:rs,,skos:broadMatch
nist_csf_v1.1,nist_csf_v1.1:rs.rp-1,nist_csf_v1.1:rs.rp,,skos:broadMatch
nist_csf_v1.1,nist_csf_v1.1:id.am-1,nist_800_53_v4:cm-8,,skos:relatedMatch
nist_csf_v1.1,nist_csf_v1.1:id.am-1,nist_800_53_v4:pm-5,,skos:relatedMatch
nist_csf_v1.1,nist_csf_v1.1:id.am-2,nist_800_53_v4:cm-8,,skos:relatedMatch
nist_csf_v1.1,nist_csf_v1.1:id.am-2,nist_800_53_v4:pm-5,,skos:relatedMatch
nist_csf_v1.1,nist_csf_v1.1:id.am-3,nist_800_53_v4:ac-4,,skos:relatedMatch
nist_csf_v1.1,nist_csf_v1.1:id.am-3,nist_800_53_v4:ca-3,,skos:relatedMatch
nist_csf_v1.1,nist_csf_v1.1:id.am-3,nist_800_53_v4:ca-9,,skos:relatedMatch
nist_csf_v1.1,nist_csf_v1.1:id.am-3,nist_800_53_v4:pl-8,,skos:relatedMatch
nist_csf_v1.1,nist_csf_v1.1:id.am-4,nist_800_53_v4:ac-20,,skos:relatedMatch
nist_csf_v1.1,nist_csf_v1.1:id.am-4,nist_800_53_v4:sa-9,,skos:relatedMatch
nist_csf_v1.1,nist_csf_v1.1:id.am-5,nist_800_53_v4:cp-2,,skos:relatedMatch
nist_csf_v1.1,nist_csf_v1.1:id.am-5,nist_800_53_v4:ra-2,,skos:relatedMatch
nist_csf_v1.1,nist_csf_v1.1:id.am-5,nist_800_53_v4:sa-14,,skos:relatedMatch
nist_csf_v1.1,nist_csf_v1.1:id.am-5,nist_800_53_v4:sc-6,,skos:relatedMatch
nist_csf_v1.1,nist_csf_v1.1:id.am-6,nist_800_53_v4:cp-2,,skos:relatedMatch
nist_csf_v1.1,nist_csf_v1.1:id.am-6,nist_800_53_v4:ps-7,,skos:relatedMatch
nist_csf_v1.1,nist_csf_v1.1:id.am-6,nist_800_53_v4:pm-11,,skos:relatedMatch
nist_csf_v1.1,nist_csf_v1.1:id.be-1,nist_800_53_v4:cp-2,,skos:relatedMatch
nist_csf_v1.1,nist_csf_v1.1:id.be-1,nist_800_53_v4:sa-12,,skos:relatedMatch
nist_csf_v1.1,nist_csf_v1.1:id.be-2,nist_800_53_v4:pm-8,,skos:relatedMatch
nist_csf_v1.1,nist_csf_v1.1:id.be-3,nist_800_53_v4:pm-11,,skos:relatedMatch
nist_csf_v1.1,nist_csf_v1.1:id.be-3,nist_800_53_v4:sa-14,,skos:relatedMatch
nist_csf_v1.1,nist_csf_v1.1:id.be-4,nist_800_53_v4:cp-8,,skos:relatedMatch
nist_csf_v1.1,nist_csf_v1.1:id.be-4,nist_800_53_v4:pe-9,,skos:relatedMatch
nist_csf_v1.1,nist_csf_v1.1:id.be-4,nist_800_53_v4:pe-11,,skos:relatedMatch
nist_csf_v1.1,nist_csf_v1.1:id.be-4,nist_800_53_v4:pm-8,,skos:relatedMatch
nist_csf_v1.1,nist_csf_v1.1:id.be-4,nist_800_53_v4:sa-14,,skos:relatedMatch
nist_csf_v1.1,nist_csf_v1.1:id.be-5,nist_800_53_v4:cp-2,,skos:relatedMatch
nist_csf_v1.1,nist_csf_v1.1:id.be-5,nist_800_53_v4:cp-11,,skos:relatedMatch
nist_csf_v1.1,nist_csf_v1.1:id.be-5,nist_800_53_v4:sa-13,,skos:relatedMatch
nist_csf_v1.1,nist_csf_v1.1:id.be-5,nist_800_53_v4:sa-14,,skos:relatedMatch
nist_csf_v1.1,nist_csf_v1.1:id.gv-1,nist_800_53_v4:ac-1,,skos:relatedMatch
nist_csf_v1.1,nist_csf_v1.1:id.gv-1,nist_800_53_v4:au-1,,skos:relatedMatch
nist_csf_v1.1,nist_csf_v1.1:id.gv-1,nist_800_53_v4:at-1,,skos:relatedMatch
nist_csf_v1.1,nist_csf_v1.1:id.gv-1,nist_800_53_v4:cm-1,,skos:relatedMatch
nist_csf_v1.1,nist_csf_v1.1:id.gv-1,nist_800_53_v4:cp-1,,skos:relatedMatch
nist_csf_v1.1,nist_csf_v1.1:id.gv-1,nist_800_53_v4:ia-1,,skos:relatedMatch
nist_csf_v1.1,nist_csf_v1.1:id.gv-1,nist_800_53_v4:ir-1,,skos:relatedMatch
nist_csf_v1.1,nist_csf_v1.1:id.gv-1,nist_800_53_v4:ma-1,,skos:relatedMatch
nist_csf_v1.1,nist_csf_v1.1:id.gv-1,nist_800_53_v4:mp-1,,skos:relatedMatch
nist_csf_v1.1,nist_csf_v1.1:id.gv-1,nist_800_53_v4:ps-1,,skos:relatedMatch
nist_csf_v1.1,nist_csf_v1.1:id.gv-1,nist_800_53_v4:pe-1,,skos:relatedMatch
nist_csf_v1.1,nist_csf_v1.1:id.gv-1,nist_800_53_v4:pl-1,,skos:relatedMatch
nist_csf_v1.1,nist_csf_v1.1:id.gv-1,nist_800_53_v4:pm-1,,skos:relatedMatch
nist_csf_v1.1,nist_csf_v1.1:id.gv-1,nist_800_53_v4:ra-1,,skos:relatedMatch
nist_csf_v1.1,nist_csf_v1.1:id.gv-1,nist_800_53_v4:ca-1,,skos:relatedMatch
nist_csf_v1.1,nist_csf_v1.1:id.gv-1,nist_800_53_v4:sc-1,,skos:relatedMatch
nist_csf_v1.1,nist_csf_v1.1:id.gv-1,nist_800_53_v4:si-1,,skos:relatedMatch
nist_csf_v1.1,nist_csf_v1.1:id.gv-1,nist_800_53_v4:sa-1,,skos:relatedMatch
nist_csf_v1.1,nist_csf_v1.1:id.gv-2,nist_800_53_v4:ps-7,,skos:relatedMatch
nist_csf_v1.1,nist_csf_v1.1:id.gv-2,nist_800_53_v4:pm-1,,skos:relatedMatch
nist_csf_v1.1,nist_csf_v1.1:id.gv-2,nist_800_53_v4:pm-2,,skos:relatedMatch
nist_csf_v1.1,nist_csf_v1.1:id.gv-3,nist_800_53_v4:ac-1,,skos:relatedMatch
nist_csf_v1.1,nist_csf_v1.1:id.gv-3,nist_800_53_v4:au-1,,skos:relatedMatch
nist_csf_v1.1,nist_csf_v1.1:id.gv-3,nist_800_53_v4:at-1,,skos:relatedMatch
nist_csf_v1.1,nist_csf_v1.1:id.gv-3,nist_800_53_v4:cm-1,,skos:relatedMatch
nist_csf_v1.1,nist_csf_v1.1:id.gv-3,nist_800_53_v4:cp-1,,skos:relatedMatch
nist_csf_v1.1,nist_csf_v1.1:id.gv-3,nist_800_53_v4:ia-1,,skos:relatedMatch
nist_csf_v1.1,nist_csf_v1.1:id.gv-3,nist_800_53_v4:ir-1,,skos:relatedMatch
nist_csf_v1.1,nist_csf_v1.1:id.gv-3,nist_800_53_v4:ma-1,,skos:relatedMatch
nist_csf_v1.1,nist_csf_v1.1:id.gv-3,nist_800_53_v4:mp-1,,skos:relatedMatch
nist_csf_v1.1,nist_csf_v1.1:id.gv-3,nist_800_53_v4:ps-1,,skos:relatedMatch
nist_csf_v1.1,nist_csf_v1.1:id.gv-3,nist_800_53_v4:pe-1,,skos:relatedMatch
nist_csf_v1.1,nist_csf_v1.1:id.gv-3,nist_800_53_v4:pl-1,,skos:relatedMatch
nist_csf_v1.1,nist_csf_v1.1:id.gv-3,nist_800_53_v4:pm-1,,skos:relatedMatch
nist_csf_v1.1,nist_csf_v1.1:id.gv-3,nist_800_53_v4:ra-1,,skos:relatedMatch
nist_csf_v1.1,nist_csf_v1.1:id.gv-3,nist_800_53_v4:ca-1,,skos:relatedMatch
nist_csf_v1.1,nist_csf_v1.1:id.gv-3,nist_800_53_v4:sc-1,,skos:relatedMatch
nist_csf_v1.1,nist_csf_v1.1:id.gv-3,nist_800_53_v4:si-1,,skos:relatedMatch
nist_csf_v1.1,nist_csf_v1.1:id.gv-3,nist_800_53_v4:sa-1,,skos:relatedMatch
nist_csf_v1.1,nist_csf_v1.1:id.gv-4,nist_800_53_v4:sa-2,,skos:relatedMatch
nist_csf_v1.1,nist_csf_v1.1:id.gv-4,nist_800_53_v4:pm-3,,skos:relatedMatch
nist_csf_v1.1,nist_csf_v1.1:id.gv-4,nist_800_53_v4:pm-7,,skos:relatedMatch
nist_csf_v1.1,nist_csf_v1.1:id.gv-4,nist_800_53_v4:pm-9,,skos:relatedMatch
nist_csf_v1.1,nist_csf_v1.1:id.gv-4,nist_800_53_v4:pm-10,,skos:relatedMatch
nist_csf_v1.1,nist_csf_v1.1:id.gv-4,nist_800_53_v4:pm-11,,skos:relatedMatch
nist_csf_v1.1,nist_csf_v1.1:id.ra-1,nist_800_53_v4:ca-2,,skos:relatedMatch
nist_csf_v1.1,nist_csf_v1.1:id.ra-1,nist_800_53_v4:ca-7,,skos:relatedMatch
nist_csf_v1.1,nist_csf_v1.1:id.ra-1,nist_800_53_v4:ca-8,,skos:relatedMatch
nist_csf_v1.1,nist_csf_v1.1:id.ra-1,nist_800_53_v4:ra-3,,skos:relatedMatch
nist_csf_v1.1,nist_csf_v1.1:id.ra-1,nist_800_53_v4:ra-5,,skos:relatedMatch
nist_csf_v1.1,nist_csf_v1.1:id.ra-1,nist_800_53_v4:sa-5,,skos:relatedMatch
nist_csf_v1.1,nist_csf_v1.1:id.ra-1,nist_800_53_v4:sa-11,,skos:relatedMatch
nist_csf_v1.1,nist_csf_v1.1:id.ra-1,nist_800_53_v4:si-2,,skos:relatedMatch
nist_csf_v1.1,nist_csf_v1.1:id.ra-1,nist_800_53_v4:si-4,,skos:relatedMatch
nist_csf_v1.1,nist_csf_v1.1:id.ra-1,nist_800_53_v4:si-5,,skos:relatedMatch
nist_csf_v1.1,nist_csf_v1.1:id.ra-2,nist_800_53_v4:si-5,,skos:relatedMatch
nist_csf_v1.1,nist_csf_v1.1:id.ra-2,nist_800_53_v4:pm-15,,skos:relatedMatch
nist_csf_v1.1,nist_csf_v1.1:id.ra-2,nist_800_53_v4:pm-16,,skos:relatedMatch
nist_csf_v1.1,nist_csf_v1.1:id.ra-3,nist_800_53_v4:ra-3,,skos:relatedMatch
nist_csf_v1.1,nist_csf_v1.1:id.ra-3,nist_800_53_v4:si-5,,skos:relatedMatch
nist_csf_v1.1,nist_csf_v1.1:id.ra-3,nist_800_53_v4:pm-12,,skos:relatedMatch
nist_csf_v1.1,nist_csf_v1.1:id.ra-3,nist_800_53_v4:pm-16,,skos:relatedMatch
nist_csf_v1.1,nist_csf_v1.1:id.ra-4,nist_800_53_v4:ra-2,,skos:relatedMatch
nist_csf_v1.1,nist_csf_v1.1:id.ra-4,nist_800_53_v4:ra-3,,skos:relatedMatch
nist_csf_v1.1,nist_csf_v1.1:id.ra-4,nist_800_53_v4:sa-14,,skos:relatedMatch
nist_csf_v1.1,nist_csf_v1.1:id.ra-4,nist_800_53_v4:pm-9,,skos:relatedMatch
nist_csf_v1.1,nist_csf_v1.1:id.ra-4,nist_800_53_v4:pm-11,,skos:relatedMatch
nist_csf_v1.1,nist_csf_v1.1:id.ra-5,nist_800_53_v4:ra-2,,skos:relatedMatch
nist_csf_v1.1,nist_csf_v1.1:id.ra-5,nist_800_53_v4:ra-3,,skos:relatedMatch
nist_csf_v1.1,nist_csf_v1.1:id.ra-5,nist_800_53_v4:pm-16,,skos:relatedMatch
nist_csf_v1.1,nist_csf_v1.1:id.ra-6,nist_800_53_v4:pm-4,,skos:relatedMatch
nist_csf_v1.1,nist_csf_v1.1:id.ra-6,nist_800_53_v4:pm-9,,skos:relatedMatch
nist_csf_v1.1,nist_csf_v1.1:id.rm-1,nist_800_53_v4:pm-9,,skos:relatedMatch
nist_csf_v1.1,nist_csf_v1.1:id.rm-2,nist_800_53_v4:pm-9,,skos:relatedMatch
nist_csf_v1.1,nist_csf_v1.1:id.rm-3,nist_800_53_v4:sa-14,,skos:relatedMatch
nist_csf_v1.1,nist_csf_v1.1:id.rm-3,nist_800_53_v4:pm-8,,skos:relatedMatch
nist_csf_v1.1,nist_csf_v1.1:id.rm-3,nist_800_53_v4:pm-9,,skos:relatedMatch
nist_csf_v1.1,nist_csf_v1.1:id.rm-3,nist_800_53_v4:pm-11,,skos:relatedMatch
nist_csf_v1.1,nist_csf_v1.1:id.sc-1,nist_800_53_v4:sa-9,,skos:relatedMatch
nist_csf_v1.1,nist_csf_v1.1:id.sc-1,nist_800_53_v4:sa-12,,skos:relatedMatch
nist_csf_v1.1,nist_csf_v1.1:id.sc-1,nist_800_53_v4:pm-9,,skos:relatedMatch
nist_csf_v1.1,nist_csf_v1.1:id.sc-2,nist_800_53_v4:ra-2,,skos:relatedMatch
nist_csf_v1.1,nist_csf_v1.1:id.sc-2,nist_800_53_v4:ra-3,,skos:relatedMatch
nist_csf_v1.1,nist_csf_v1.1:id.sc-2,nist_800_53_v4:sa-12,,skos:relatedMatch
nist_csf_v1.1,nist_csf_v1.1:id.sc-2,nist_800_53_v4:sa-14,,skos:relatedMatch
nist_csf_v1.1,nist_csf_v1.1:id.sc-2,nist_800_53_v4:sa-15,,skos:relatedMatch
nist_csf_v1.1,nist_csf_v1.1:id.sc-2,nist_800_53_v4:pm-9,,skos:relatedMatch
nist_csf_v1.1,nist_csf_v1.1:id.sc-3,nist_800_53_v4:sa-9,,skos:relatedMatch
nist_csf_v1.1,nist_csf_v1.1:id.sc-3,nist_800_53_v4:sa-11,,skos:relatedMatch
nist_csf_v1.1,nist_csf_v1.1:id.sc-3,nist_800_53_v4:sa-12,,skos:relatedMatch
nist_csf_v1.1,nist_csf_v1.1:id.sc-3,nist_800_53_v4:pm-9,,skos:relatedMatch
nist_csf_v1.1,nist_csf_v1.1:id.sc-4,nist_800_53_v4:au-2,,skos:relatedMatch
nist_csf_v1.1,nist_csf_v1.1:id.sc-4,nist_800_53_v4:au-6,,skos:relatedMatch
nist_csf_v1.1,nist_csf_v1.1:id.sc-4,nist_800_53_v4:au-12,,skos:relatedMatch
nist_csf_v1.1,nist_csf_v1.1:id.sc-4,nist_800_53_v4:au-16,,skos:relatedMatch
nist_csf_v1.1,nist_csf_v1.1:id.sc-4,nist_800_53_v4:ps-7,,skos:relatedMatch
nist_csf_v1.1,nist_csf_v1.1:id.sc-4,nist_800_53_v4:sa-9,,skos:relatedMatch
nist_csf_v1.1,nist_csf_v1.1:id.sc-4,nist_800_53_v4:sa-12,,skos:relatedMatch
nist_csf_v1.1,nist_csf_v1.1:id.sc-5,nist_800_53_v4:cp-2,,skos:relatedMatch
nist_csf_v1.1,nist_csf_v1.1:id.sc-5,nist_800_53_v4:cp-4,,skos:relatedMatch
nist_csf_v1.1,nist_csf_v1.1:id.sc-5,nist_800_53_v4:ir-3,,skos:relatedMatch
nist_csf_v1.1,nist_csf_v1.1:id.sc-5,nist_800_53_v4:ir-4,,skos:relatedMatch
nist_csf_v1.1,nist_csf_v1.1:id.sc-5,nist_800_53_v4:ir-6,,skos:relatedMatch
nist_csf_v1.1,nist_csf_v1.1:id.sc-5,nist_800_53_v4:ir-8,,skos:relatedMatch
nist_csf_v1.1,nist_csf_v1.1:id.sc-5,nist_800_53_v4:ir-9,,skos:relatedMatch
nist_csf_v1.1,nist_csf_v1.1:pr.ac-1,nist_800_53_v4:ac-1,,skos:relatedMatch
nist_csf_v1.1,nist_csf_v1.1:pr.ac-1,nist_800_53_v4:ac-2,,skos:relatedMatch
nist_csf_v1.1,nist_csf_v1.1:pr.ac-1,nist_800_53_v4:ia-1,,skos:relatedMatch
nist_csf_v1.1,nist_csf_v1.1:pr.ac-1,nist_800_53_v4:ia-2,,skos:relatedMatch
nist_csf_v1.1,nist_csf_v1.1:pr.ac-1,nist_800_53_v4:ia-3,,skos:relatedMatch
nist_csf_v1.1,nist_csf_v1.1:pr.ac-1,nist_800_53_v4:ia-4,,skos:relatedMatch
nist_csf_v1.1,nist_csf_v1.1:pr.ac-1,nist_800_53_v4:ia-5,,skos:relatedMatch
nist_csf_v1.1,nist_csf_v1.1:pr.ac-1,nist_800_53_v4:ia-6,,skos:relatedMatch
nist_csf_v1.1,nist_csf_v1.1:pr.ac-1,nist_800_53_v4:ia-7,,skos:relatedMatch
nist_csf_v1.1,nist_csf_v1.1:pr.ac-1,nist_800_53_v4:ia-8,,skos:relatedMatch
nist_csf_v1.1,nist_csf_v1.1:pr.ac-1,nist_800_53_v4:ia-9,,skos:relatedMatch
nist_csf_v1.1,nist_csf_v1.1:pr.ac-1,nist_800_53_v4:ia-10,,skos:relatedMatch
nist_csf_v1.1,nist_csf_v1.1:pr.ac-1,nist_800_53_v4:ia-11,,skos:relatedMatch
nist_csf_v1.1,nist_csf_v1.1:pr.ac-2,nist_800_53_v4:pe-2,,skos:relatedMatch
nist_csf_v1.1,nist_csf_v1.1:pr.ac-2,nist_800_53_v4:pe-3,,skos:relatedMatch
nist_csf_v1.1,nist_csf_v1.1:pr.ac-2,nist_800_53_v4:pe-4,,skos:relatedMatch
nist_csf_v1.1,nist_csf_v1.1:pr.ac-2,nist_800_53_v4:pe-5,,skos:relatedMatch
nist_csf_v1.1,nist_csf_v1.1:pr.ac-2,nist_800_53_v4:pe-6,,skos:relatedMatch
nist_csf_v1.1,nist_csf_v1.1:pr.ac-2,nist_800_53_v4:pe-8,,skos:relatedMatch
nist_csf_v1.1,nist_csf_v1.1:pr.ac-3,nist_800_53_v4:ac-1,,skos:relatedMatch
nist_csf_v1.1,nist_csf_v1.1:pr.ac-3,nist_800_53_v4:ac-17,,skos:relatedMatch
nist_csf_v1.1,nist_csf_v1.1:pr.ac-3,nist_800_53_v4:ac-19,,skos:relatedMatch
nist_csf_v1.1,nist_csf_v1.1:pr.ac-3,nist_800_53_v4:ac-20,,skos:relatedMatch
nist_csf_v1.1,nist_csf_v1.1:pr.ac-3,nist_800_53_v4:sc-15,,skos:relatedMatch
nist_csf_v1.1,nist_csf_v1.1:pr.ac-4,nist_800_53_v4:ac-1,,skos:relatedMatch
nist_csf_v1.1,nist_csf_v1.1:pr.ac-4,nist_800_53_v4:ac-2,,skos:relatedMatch
nist_csf_v1.1,nist_csf_v1.1:pr.ac-4,nist_800_53_v4:ac-3,,skos:relatedMatch
nist_csf_v1.1,nist_csf_v1.1:pr.ac-4,nist_800_53_v4:ac-5,,skos:relatedMatch
nist_csf_v1.1,nist_csf_v1.1:pr.ac-4,nist_800_53_v4:ac-6,,skos:relatedMatch
nist_csf_v1.1,nist_csf_v1.1:pr.ac-4,nist_800_53_v4:ac-14,,skos:relatedMatch
nist_csf_v1.1,nist_csf_v1.1:pr.ac-4,nist_800_53_v4:ac-16,,skos:relatedMatch
nist_csf_v1.1,nist_csf_v1.1:pr.ac-4,nist_800_53_v4:ac-24,,skos:relatedMatch
nist_csf_v1.1,nist_csf_v1.1:pr.ac-5,nist_800_53_v4:ac-4,,skos:relatedMatch
nist_csf_v1.1,nist_csf_v1.1:pr.ac-5,nist_800_53_v4:ac-10,,skos:relatedMatch
nist_csf_v1.1,nist_csf_v1.1:pr.ac-5,nist_800_53_v4:sc-7,,skos:relatedMatch
nist_csf_v1.1,nist_csf_v1.1:pr.ac-6,nist_800_53_v4:ac-1,,skos:relatedMatch
nist_csf_v1.1,nist_csf_v1.1:pr.ac-6,nist_800_53_v4:ac-2,,skos:relatedMatch
nist_csf_v1.1,nist_csf_v1.1:pr.ac-6,nist_800_53_v4:ac-3,,skos:relatedMatch
nist_csf_v1.1,nist_csf_v1.1:pr.ac-6,nist_800_53_v4:ac-16,,skos:relatedMatch
nist_csf_v1.1,nist_csf_v1.1:pr.ac-6,nist_800_53_v4:ac-19,,skos:relatedMatch
nist_csf_v1.1,nist_csf_v1.1:pr.ac-6,nist_800_53_v4:ac-24,,skos:relatedMatch
nist_csf_v1.1,nist_csf_v1.1:pr.ac-6,nist_800_53_v4:ia-1,,skos:relatedMatch
nist_csf_v1.1,nist_csf_v1.1:pr.ac-6,nist_800_53_v4:ia-2,,skos:relatedMatch
nist_csf_v1.1,nist_csf_v1.1:pr.ac-6,nist_800_53_v4:ia-4,,skos:relatedMatch
nist_csf_v1.1,nist_csf_v1.1:pr.ac-6,nist_800_53_v4:ia-5,,skos:relatedMatch
nist_csf_v1.1,nist_csf_v1.1:pr.ac-6,nist_800_53_v4:ia-8,,skos:relatedMatch
nist_csf_v1.1,nist_csf_v1.1:pr.ac-6,nist_800_53_v4:pe-2,,skos:relatedMatch
nist_csf_v1.1,nist_csf_v1.1:pr.ac-6,nist_800_53_v4:ps-3,,skos:relatedMatch
nist_csf_v1.1,nist_csf_v1.1:pr.ac-7,nist_800_53_v4:ac-7,,skos:relatedMatch
nist_csf_v1.1,nist_csf_v1.1:pr.ac-7,nist_800_53_v4:ac-8,,skos:relatedMatch
nist_csf_v1.1,nist_csf_v1.1:pr.ac-7,nist_800_53_v4:ac-9,,skos:relatedMatch
nist_csf_v1.1,nist_csf_v1.1:pr.ac-7,nist_800_53_v4:ac-11,,skos:relatedMatch
nist_csf_v1.1,nist_csf_v1.1:pr.ac-7,nist_800_53_v4:ac-12,,skos:relatedMatch
nist_csf_v1.1,nist_csf_v1.1:pr.ac-7,nist_800_53_v4:ac-14,,skos:relatedMatch
nist_csf_v1.1,nist_csf_v1.1:pr.ac-7,nist_800_53_v4:ia-1,,skos:relatedMatch
nist_csf_v1.1,nist_csf_v1.1:pr.ac-7,nist_800_53_v4:ia-2,,skos:relatedMatch
nist_csf_v1.1,nist_csf_v1.1:pr.ac-7,nist_800_53_v4:ia-3,,skos:relatedMatch
nist_csf_v1.1,nist_csf_v1.1:pr.ac-7,nist_800_53_v4:ia-4,,skos:relatedMatch
nist_csf_v1.1,nist_csf_v1.1:pr.ac-7,nist_800_53_v4:ia-5,,skos:relatedMatch
nist_csf_v1.1,nist_csf_v1.1:pr.ac-7,nist_800_53_v4:ia-8,,skos:relatedMatch
nist_csf_v1.1,nist_csf_v1.1:pr.ac-7,nist_800_53_v4:ia-9,,skos:relatedMatch
nist_csf_v1.1,nist_csf_v1.1:pr.ac-7,nist_800_53_v4:ia-10,,skos:relatedMatch
nist_csf_v1.1,nist_csf_v1.1:pr.ac-7,nist_800_53_v4:ia-11,,skos:relatedMatch
nist_csf_v1.1,nist_csf_v1.1:pr.at-1,nist_800_53_v4:at-2,,skos:relatedMatch
nist_csf_v1.1,nist_csf_v1.1:pr.at-1,nist_800_53_v4:pm-13,,skos:relatedMatch
nist_csf_v1.1,nist_csf_v1.1:pr.at-2,nist_800_53_v4:at-3,,skos:relatedMatch
nist_csf_v1.1,nist_csf_v1.1:pr.at-2,nist_800_53_v4:pm-13,,skos:relatedMatch
nist_csf_v1.1,nist_csf_v1.1:pr.at-3,nist_800_53_v4:ps-7,,skos:relatedMatch
nist_csf_v1.1,nist_csf_v1.1:pr.at-3,nist_800_53_v4:sa-9,,skos:relatedMatch
nist_csf_v1.1,nist_csf_v1.1:pr.at-3,nist_800_53_v4:sa-16,,skos:relatedMatch
nist_csf_v1.1,nist_csf_v1.1:pr.at-4,nist_800_53_v4:at-3,,skos:relatedMatch
nist_csf_v1.1,nist_csf_v1.1:pr.at-4,nist_800_53_v4:pm-13,,skos:relatedMatch
nist_csf_v1.1,nist_csf_v1.1:pr.at-5,nist_800_53_v4:at-3,,skos:relatedMatch
nist_csf_v1.1,nist_csf_v1.1:pr.at-5,nist_800_53_v4:ir-2,,skos:relatedMatch
nist_csf_v1.1,nist_csf_v1.1:pr.at-5,nist_800_53_v4:pm-13,,skos:relatedMatch
nist_csf_v1.1,nist_csf_v1.1:pr.ds-1,nist_800_53_v4:mp-8,,skos:relatedMatch
nist_csf_v1.1,nist_csf_v1.1:pr.ds-1,nist_800_53_v4:sc-12,,skos:relatedMatch
nist_csf_v1.1,nist_csf_v1.1:pr.ds-1,nist_800_53_v4:sc-28,,skos:relatedMatch
nist_csf_v1.1,nist_csf_v1.1:pr.ds-2,nist_800_53_v4:sc-8,,skos:relatedMatch
nist_csf_v1.1,nist_csf_v1.1:pr.ds-2,nist_800_53_v4:sc-11,,skos:relatedMatch
nist_csf_v1.1,nist_csf_v1.1:pr.ds-2,nist_800_53_v4:sc-12,,skos:relatedMatch
nist_csf_v1.1,nist_csf_v1.1:pr.ds-3,nist_800_53_v4:cm-8,,skos:relatedMatch
nist_csf_v1.1,nist_csf_v1.1:pr.ds-3,nist_800_53_v4:mp-6,,skos:relatedMatch
nist_csf_v1.1,nist_csf_v1.1:pr.ds-3,nist_800_53_v4:pe-16,,skos:relatedMatch
nist_csf_v1.1,nist_csf_v1.1:pr.ds-4,nist_800_53_v4:au-4,,skos:relatedMatch
nist_csf_v1.1,nist_csf_v1.1:pr.ds-4,nist_800_53_v4:cp-2,,skos:relatedMatch
nist_csf_v1.1,nist_csf_v1.1:pr.ds-4,nist_800_53_v4:sc-5,,skos:relatedMatch
nist_csf_v1.1,nist_csf_v1.1:pr.ds-5,nist_800_53_v4:ac-4,,skos:relatedMatch
nist_csf_v1.1,nist_csf_v1.1:pr.ds-5,nist_800_53_v4:ac-5,,skos:relatedMatch
nist_csf_v1.1,nist_csf_v1.1:pr.ds-5,nist_800_53_v4:ac-6,,skos:relatedMatch
nist_csf_v1.1,nist_csf_v1.1:pr.ds-5,nist_800_53_v4:pe-19,,skos:relatedMatch
nist_csf_v1.1,nist_csf_v1.1:pr.ds-5,nist_800_53_v4:ps-3,,skos:relatedMatch
nist_csf_v1.1,nist_csf_v1.1:pr.ds-5,nist_800_53_v4:ps-6,,skos:relatedMatch
nist_csf_v1.1,nist_csf_v1.1:pr.ds-5,nist_800_53_v4:sc-7,,skos:relatedMatch
nist_csf_v1.1,nist_csf_v1.1:pr.ds-5,nist_800_53_v4:sc-8,,skos:relatedMatch
nist_csf_v1.1,nist_csf_v1.1:pr.ds-5,nist_800_53_v4:sc-13,,skos:relatedMatch
nist_csf_v1.1,nist_csf_v1.1:pr.ds-5,nist_800_53_v4:sc-31,,skos:relatedMatch
nist_csf_v1.1,nist_csf_v1.1:pr.ds-5,nist_800_53_v4:si-4,,skos:relatedMatch
nist_csf_v1.1,nist_csf_v1.1:pr.ds-6,nist_800_53_v4:sc-16,,skos:relatedMatch
nist_csf_v1.1,nist_csf_v1.1:pr.ds-6,nist_800_53_v4:si-7,,skos:relatedMatch
nist_csf_v1.1,nist_csf_v1.1:pr.ds-7,nist_800_53_v4:cm-2,,skos:relatedMatch
nist_csf_v1.1,nist_csf_v1.1:pr.ds-8,nist_800_53_v4:sa-10,,skos:relatedMatch
nist_csf_v1.1,nist_csf_v1.1:pr.ds-8,nist_800_53_v4:si-7,,skos:relatedMatch
nist_csf_v1.1,nist_csf_v1.1:pr.ip-1,nist_800_53_v4:cm-2,,skos:relatedMatch
nist_csf_v1.1,nist_csf_v1.1:pr.ip-1,nist_800_53_v4:cm-3,,skos:relatedMatch
nist_csf_v1.1,nist_csf_v1.1:pr.ip-1,nist_800_53_v4:cm-4,,skos:relatedMatch
nist_csf_v1.1,nist_csf_v1.1:pr.ip-1,nist_800_53_v4:cm-5,,skos:relatedMatch
nist_csf_v1.1,nist_csf_v1.1:pr.ip-1,nist_800_53_v4:cm-6,,skos:relatedMatch
nist_csf_v1.1,nist_csf_v1.1:pr.ip-1,nist_800_53_v4:cm-7,,skos:relatedMatch
nist_csf_v1.1,nist_csf_v1.1:pr.ip-1,nist_800_53_v4:cm-9,,skos:relatedMatch
nist_csf_v1.1,nist_csf_v1.1:pr.ip-1,nist_800_53_v4:sa-10,,skos:relatedMatch
nist_csf_v1.1,nist_csf_v1.1:pr.ip-10,nist_800_53_v4:cp-4,,skos:relatedMatch
nist_csf_v1.1,nist_csf_v1.1:pr.ip-10,nist_800_53_v4:ir-3,,skos:relatedMatch
nist_csf_v1.1,nist_csf_v1.1:pr.ip-10,nist_800_53_v4:pm-14,,skos:relatedMatch
nist_csf_v1.1,nist_csf_v1.1:pr.ip-11,nist_800_53_v4:ps-1,,skos:relatedMatch
nist_csf_v1.1,nist_csf_v1.1:pr.ip-11,nist_800_53_v4:ps-2,,skos:relatedMatch
nist_csf_v1.1,nist_csf_v1.1:pr.ip-11,nist_800_53_v4:ps-3,,skos:relatedMatch
nist_csf_v1.1,nist_csf_v1.1:pr.ip-11,nist_800_53_v4:ps-4,,skos:relatedMatch
nist_csf_v1.1,nist_csf_v1.1:pr.ip-11,nist_800_53_v4:ps-5,,skos:relatedMatch
nist_csf_v1.1,nist_csf_v1.1:pr.ip-11,nist_800_53_v4:ps-6,,skos:relatedMatch
nist_csf_v1.1,nist_csf_v1.1:pr.ip-11,nist_800_53_v4:ps-7,,skos:relatedMatch
nist_csf_v1.1,nist_csf_v1.1:pr.ip-11,nist_800_53_v4:ps-8,,skos:relatedMatch
nist_csf_v1.1,nist_csf_v1.1:pr.ip-11,nist_800_53_v4:sa-21,,skos:relatedMatch
nist_csf_v1.1,nist_csf_v1.1:pr.ip-12,nist_800_53_v4:ra-3,,skos:relatedMatch
nist_csf_v1.1,nist_csf_v1.1:pr.ip-12,nist_800_53_v4:ra-5,,skos:relatedMatch
nist_csf_v1.1,nist_csf_v1.1:pr.ip-12,nist_800_53_v4:si-2,,skos:relatedMatch
nist_csf_v1.1,nist_csf_v1.1:pr.ip-2,nist_800_53_v4:pl-8,,skos:relatedMatch
nist_csf_v1.1,nist_csf_v1.1:pr.ip-2,nist_800_53_v4:sa-3,,skos:relatedMatch
nist_csf_v1.1,nist_csf_v1.1:pr.ip-2,nist_800_53_v4:sa-4,,skos:relatedMatch
nist_csf_v1.1,nist_csf_v1.1:pr.ip-2,nist_800_53_v4:sa-8,,skos:relatedMatch
nist_csf_v1.1,nist_csf_v1.1:pr.ip-2,nist_800_53_v4:sa-10,,skos:relatedMatch
nist_csf_v1.1,nist_csf_v1.1:pr.ip-2,nist_800_53_v4:sa-11,,skos:relatedMatch
nist_csf_v1.1,nist_csf_v1.1:pr.ip-2,nist_800_53_v4:sa-12,,skos:relatedMatch
nist_csf_v1.1,nist_csf_v1.1:pr.ip-2,nist_800_53_v4:sa-15,,skos:relatedMatch
nist_csf_v1.1,nist_csf_v1.1:pr.ip-2,nist_800_53_v4:sa-17,,skos:relatedMatch
nist_csf_v1.1,nist_csf_v1.1:pr.ip-2,nist_800_53_v4:si-12,,skos:relatedMatch
nist_csf_v1.1,nist_csf_v1.1:pr.ip-2,nist_800_53_v4:si-13,,skos:relatedMatch
nist_csf_v1.1,nist_csf_v1.1:pr.ip-2,nist_800_53_v4:si-14,,skos:relatedMatch
nist_csf_v1.1,nist_csf_v1.1:pr.ip-2,nist_800_53_v4:si-16,,skos:relatedMatch
nist_csf_v1.1,nist_csf_v1.1:pr.ip-2,nist_800_53_v4:si-17,,skos:relatedMatch
nist_csf_v1.1,nist_csf_v1.1:pr.ip-3,nist_800_53_v4:cm-3,,skos:relatedMatch
nist_csf_v1.1,nist_csf_v1.1:pr.ip-3,nist_800_53_v4:cm-4,,skos:relatedMatch
nist_csf_v1.1,nist_csf_v1.1:pr.ip-3,nist_800_53_v4:sa-10,,skos:relatedMatch
nist_csf_v1.1,nist_csf_v1.1:pr.ip-4,nist_800_53_v4:cp-4,,skos:relatedMatch
nist_csf_v1.1,nist_csf_v1.1:pr.ip-4,nist_800_53_v4:cp-6,,skos:relatedMatch
nist_csf_v1.1,nist_csf_v1.1:pr.ip-4,nist_800_53_v4:cp-9,,skos:relatedMatch
nist_csf_v1.1,nist_csf_v1.1:pr.ip-5,nist_800_53_v4:pe-10,,skos:relatedMatch
nist_csf_v1.1,nist_csf_v1.1:pr.ip-5,nist_800_53_v4:pe-12,,skos:relatedMatch
nist_csf_v1.1,nist_csf_v1.1:pr.ip-5,nist_800_53_v4:pe-13,,skos:relatedMatch
nist_csf_v1.1,nist_csf_v1.1:pr.ip-5,nist_800_53_v4:pe-14,,skos:relatedMatch
nist_csf_v1.1,nist_csf_v1.1:pr.ip-5,nist_800_53_v4:pe-15,,skos:relatedMatch
nist_csf_v1.1,nist_csf_v1.1:pr.ip-5,nist_800_53_v4:pe-18,,skos:relatedMatch
nist_csf_v1.1,nist_csf_v1.1:pr.ip-6,nist_800_53_v4:mp-6,,skos:relatedMatch
nist_csf_v1.1,nist_csf_v1.1:pr.ip-7,nist_800_53_v4:ca-2,,skos:relatedMatch
nist_csf_v1.1,nist_csf_v1.1:pr.ip-7,nist_800_53_v4:ca-7,,skos:relatedMatch
nist_csf_v1.1,nist_csf_v1.1:pr.ip-7,nist_800_53_v4:cp-2,,skos:relatedMatch
nist_csf_v1.1,nist_csf_v1.1:pr.ip-7,nist_800_53_v4:ir-8,,skos:relatedMatch
nist_csf_v1.1,nist_csf_v1.1:pr.ip-7,nist_800_53_v4:pl-2,,skos:relatedMatch
nist_csf_v1.1,nist_csf_v1.1:pr.ip-7,nist_800_53_v4:pm-6,,skos:relatedMatch
nist_csf_v1.1,nist_csf_v1.1:pr.ip-8,nist_800_53_v4:ac-21,,skos:relatedMatch
nist_csf_v1.1,nist_csf_v1.1:pr.ip-8,nist_800_53_v4:ca-7,,skos:relatedMatch
nist_csf_v1.1,nist_csf_v1.1:pr.ip-8,nist_800_53_v4:si-4,,skos:relatedMatch
nist_csf_v1.1,nist_csf_v1.1:pr.ip-9,nist_800_53_v4:cp-2,,skos:relatedMatch
nist_csf_v1.1,nist_csf_v1.1:pr.ip-9,nist_800_53_v4:cp-7,,skos:relatedMatch
nist_csf_v1.1,nist_csf_v1.1:pr.ip-9,nist_800_53_v4:cp-12,,skos:relatedMatch
nist_csf_v1.1,nist_csf_v1.1:pr.ip-9,nist_800_53_v4:cp-13,,skos:relatedMatch
nist_csf_v1.1,nist_csf_v1.1:pr.ip-9,nist_800_53_v4:ir-7,,skos:relatedMatch
nist_csf_v1.1,nist_csf_v1.1:pr.ip-9,nist_800_53_v4:ir-8,,skos:relatedMatch
nist_csf_v1.1,nist_csf_v1.1:pr.ip-9,nist_800_53_v4:ir-9,,skos:relatedMatch
nist_csf_v1.1,nist_csf_v1.1:pr.ip-9,nist_800_53_v4:pe-17,,skos:relatedMatch
nist_csf_v1.1,nist_csf_v1.1:pr.ma-1,nist_800_53_v4:ma-2,,skos:relatedMatch
nist_csf_v1.1,nist_csf_v1.1:pr.ma-1,nist_800_53_v4:ma-3,,skos:relatedMatch
nist_csf_v1.1,nist_csf_v1.1:pr.ma-1,nist_800_53_v4:ma-5,,skos:relatedMatch
nist_csf_v1.1,nist_csf_v1.1:pr.ma-1,nist_800_53_v4:ma-6,,skos:relatedMatch
nist_csf_v1.1,nist_csf_v1.1:pr.ma-2,nist_800_53_v4:ma-4,,skos:relatedMatch
nist_csf_v1.1,nist_csf_v1.1:pr.pt-1,nist_800_53_v4:au-1,,skos:relatedMatch
nist_csf_v1.1,nist_csf_v1.1:pr.pt-1,nist_800_53_v4:au-2,,skos:relatedMatch
nist_csf_v1.1,nist_csf_v1.1:pr.pt-1,nist_800_53_v4:au-3,,skos:relatedMatch
nist_csf_v1.1,nist_csf_v1.1:pr.pt-1,nist_800_53_v4:au-4,,skos:relatedMatch
nist_csf_v1.1,nist_csf_v1.1:pr.pt-1,nist_800_53_v4:au-5,,skos:relatedMatch
nist_csf_v1.1,nist_csf_v1.1:pr.pt-1,nist_800_53_v4:au-6,,skos:relatedMatch
nist_csf_v1.1,nist_csf_v1.1:pr.pt-1,nist_800_53_v4:au-7,,skos:relatedMatch
nist_csf_v1.1,nist_csf_v1.1:pr.pt-1,nist_800_53_v4:au-8,,skos:relatedMatch
nist_csf_v1.1,nist_csf_v1.1:pr.pt-1,nist_800_53_v4:au-9,,skos:relatedMatch
nist_csf_v1.1,nist_csf_v1.1:pr.pt-1,nist_800_53_v4:au-10,,skos:relatedMatch
nist_csf_v1.1,nist_csf_v1.1:pr.pt-1,nist_800_53_v4:au-11,,skos:relatedMatch
nist_csf_v1.1,nist_csf_v1.1:pr.pt-1,nist_800_53_v4:au-12,,skos:relatedMatch
nist_csf_v1.1,nist_csf_v1.1:pr.pt-1,nist_800_53_v4:au-13,,skos:relatedMatch
nist_csf_v1.1,nist_csf_v1.1:pr.pt-1,nist_800_53_v4:au-14,,skos:relatedMatch
nist_csf_v1.1,nist_csf_v1.1:pr.pt-1,nist_800_53_v4:au-15,,skos:relatedMatch
nist_csf_v1.1,nist_csf_v1.1:pr.pt-1,nist_800_53_v4:au-16,,skos:relatedMatch
nist_csf_v1.1,nist_csf_v1.1:pr.pt-2,nist_800_53_v4:mp-2,,skos:relatedMatch
nist_csf_v1.1,nist_csf_v1.1:pr.pt-2,nist_800_53_v4:mp-3,,skos:relatedMatch
nist_csf_v1.1,nist_csf_v1.1:pr.pt-2,nist_800_53_v4:mp-4,,skos:relatedMatch
nist_csf_v1.1,nist_csf_v1.1:pr.pt-2,nist_800_53_v4:mp-5,,skos:relatedMatch
nist_csf_v1.1,nist_csf_v1.1:pr.pt-2,nist_800_53_v4:mp-7,,skos:relatedMatch
nist_csf_v1.1,nist_csf_v1.1:pr.pt-2,nist_800_53_v4:mp-8,,skos:relatedMatch
nist_csf_v1.1,nist_csf_v1.1:pr.pt-3,nist_800_53_v4:ac-3,,skos:relatedMatch
nist_csf_v1.1,nist_csf_v1.1:pr.pt-3,nist_800_53_v4:cm-7,,skos:relatedMatch
nist_csf_v1.1,nist_csf_v1.1:pr.pt-4,nist_800_53_v4:ac-4,,skos:relatedMatch
nist_csf_v1.1,nist_csf_v1.1:pr.pt-4,nist_800_53_v4:ac-17,,skos:relatedMatch
nist_csf_v1.1,nist_csf_v1.1:pr.pt-4,nist_800_53_v4:ac-18,,skos:relatedMatch
nist_csf_v1.1,nist_csf_v1.1:pr.pt-4,nist_800_53_v4:cp-8,,skos:relatedMatch
nist_csf_v1.1,nist_csf_v1.1:pr.pt-4,nist_800_53_v4:sc-7,,skos:relatedMatch
nist_csf_v1.1,nist_csf_v1.1:pr.pt-4,nist_800_53_v4:sc-19,,skos:relatedMatch
nist_csf_v1.1,nist_csf_v1.1:pr.pt-4,nist_800_53_v4:sc-20,,skos:relatedMatch
nist_csf_v1.1,nist_csf_v1.1:pr.pt-4,nist_800_53_v4:sc-21,,skos:relatedMatch
nist_csf_v1.1,nist_csf_v1.1:pr.pt-4,nist_800_53_v4:sc-22,,skos:relatedMatch
nist_csf_v1.1,nist_csf_v1.1:pr.pt-4,nist_800_53_v4:sc-23,,skos:relatedMatch
nist_csf_v1.1,nist_csf_v1.1:pr.pt-4,nist_800_53_v4:sc-24,,skos:relatedMatch
nist_csf_v1.1,nist_csf_v1.1:pr.pt-4,nist_800_53_v4:sc-25,,skos:relatedMatch
nist_csf_v1.1,nist_csf_v1.1:pr.pt-4,nist_800_53_v4:sc-29,,skos:relatedMatch
nist_csf_v1.1,nist_csf_v1.1:pr.pt-4,nist_800_53_v4:sc-32,,skos:relatedMatch
nist_csf_v1.1,nist_csf_v1.1:pr.pt-4,nist_800_53_v4:sc-36,,skos:relatedMatch
nist_csf_v1.1,nist_csf_v1.1:pr.pt-4,nist_800_53_v4:sc-37,,skos:relatedMatch
nist_csf_v1.1,nist_csf_v1.1:pr.pt-4,nist_800_53_v4:sc-38,,skos:relatedMatch
nist_csf_v1.1,nist_csf_v1.1:pr.pt-4,nist_800_53_v4:sc-39,,skos:relatedMatch
nist_csf_v1.1,nist_csf_v1.1:pr.pt-4,nist_800_53_v4:sc-40,,skos:relatedMatch
nist_csf_v1.1,nist_csf_v1.1:pr.pt-4,nist_800_53_v4:sc-41,,skos:relatedMatch
nist_csf_v1.1,nist_csf_v1.1:pr.pt-4,nist_800_53_v4:sc-43,,skos:relatedMatch
nist_csf_v1.1,nist_csf_v1.1:pr.pt-5,nist_800_53_v4:cp-7,,skos:relatedMatch
nist_csf_v1.1,nist_csf_v1.1:pr.pt-5,nist_800_53_v4:cp-8,,skos:relatedMatch
nist_csf_v1.1,nist_csf_v1.1:pr.pt-5,nist_800_53_v4:cp-11,,skos:relatedMatch
nist_csf_v1.1,nist_csf_v1.1:pr.pt-5,nist_800_53_v4:cp-13,,skos:relatedMatch
nist_csf_v1.1,nist_csf_v1.1:pr.pt-5,nist_800_53_v4:pl-8,,skos:relatedMatch
nist_csf_v1.1,nist_csf_v1.1:pr.pt-5,nist_800_53_v4:sa-14,,skos:relatedMatch
nist_csf_v1.1,nist_csf_v1.1:pr.pt-5,nist_800_53_v4:sc-6,,skos:relatedMatch
nist_csf_v1.1,nist_csf_v1.1:de.ae-1,nist_800_53_v4:ac-4,,skos:relatedMatch
nist_csf_v1.1,nist_csf_v1.1:de.ae-1,nist_800_53_v4:ca-3,,skos:relatedMatch
nist_csf_v1.1,nist_csf_v1.1:de.ae-1,nist_800_53_v4:cm-2,,skos:relatedMatch
nist_csf_v1.1,nist_csf_v1.1:de.ae-1,nist_800_53_v4:si-4,,skos:relatedMatch
nist_csf_v1.1,nist_csf_v1.1:de.ae-2,nist_800_53_v4:au-6,,skos:relatedMatch
nist_csf_v1.1,nist_csf_v1.1:de.ae-2,nist_800_53_v4:ca-7,,skos:relatedMatch
nist_csf_v1.1,nist_csf_v1.1:de.ae-2,nist_800_53_v4:ir-4,,skos:relatedMatch
nist_csf_v1.1,nist_csf_v1.1:de.ae-2,nist_800_53_v4:si-4,,skos:relatedMatch
nist_csf_v1.1,nist_csf_v1.1:de.ae-3,nist_800_53_v4:au-6,,skos:relatedMatch
nist_csf_v1.1,nist_csf_v1.1:de.ae-3,nist_800_53_v4:ca-7,,skos:relatedMatch
nist_csf_v1.1,nist_csf_v1.1:de.ae-3,nist_800_53_v4:ir-4,,skos:relatedMatch
nist_csf_v1.1,nist_csf_v1.1:de.ae-3,nist_800_53_v4:ir-5,,skos:relatedMatch
nist_csf_v1.1,nist_csf_v1.1:de.ae-3,nist_800_53_v4:ir-8,,skos:relatedMatch
nist_csf_v1.1,nist_csf_v1.1:de.ae-3,nist_800_53_v4:si-4,,skos:relatedMatch
nist_csf_v1.1,nist_csf_v1.1:de.ae-4,nist_800_53_v4:cp-2,,skos:relatedMatch
nist_csf_v1.1,nist_csf_v1.1:de.ae-4,nist_800_53_v4:ir-4,,skos:relatedMatch
nist_csf_v1.1,nist_csf_v1.1:de.ae-4,nist_800_53_v4:ra-3,,skos:relatedMatch
nist_csf_v1.1,nist_csf_v1.1:de.ae-4,nist_800_53_v4:si-4,,skos:relatedMatch
nist_csf_v1.1,nist_csf_v1.1:de.ae-5,nist_800_53_v4:ir-4,,skos:relatedMatch
nist_csf_v1.1,nist_csf_v1.1:de.ae-5,nist_800_53_v4:ir-5,,skos:relatedMatch
nist_csf_v1.1,nist_csf_v1.1:de.ae-5,nist_800_53_v4:ir-8,,skos:relatedMatch
nist_csf_v1.1,nist_csf_v1.1:de.cm-1,nist_800_53_v4:ac-2,,skos:relatedMatch
nist_csf_v1.1,nist_csf_v1.1:de.cm-1,nist_800_53_v4:au-12,,skos:relatedMatch
nist_csf_v1.1,nist_csf_v1.1:de.cm-1,nist_800_53_v4:ca-7,,skos:relatedMatch
nist_csf_v1.1,nist_csf_v1.1:de.cm-1,nist_800_53_v4:cm-3,,skos:relatedMatch
nist_csf_v1.1,nist_csf_v1.1:de.cm-1,nist_800_53_v4:sc-5,,skos:relatedMatch
nist_csf_v1.1,nist_csf_v1.1:de.cm-1,nist_800_53_v4:sc-7,,skos:relatedMatch
nist_csf_v1.1,nist_csf_v1.1:de.cm-1,nist_800_53_v4:si-4,,skos:relatedMatch
nist_csf_v1.1,nist_csf_v1.1:de.cm-2,nist_800_53_v4:ca-7,,skos:relatedMatch
nist_csf_v1.1,nist_csf_v1.1:de.cm-2,nist_800_53_v4:pe-3,,skos:relatedMatch
nist_csf_v1.1,nist_csf_v1.1:de.cm-2,nist_800_53_v4:pe-6,,skos:relatedMatch
nist_csf_v1.1,nist_csf_v1.1:de.cm-2,nist_800_53_v4:pe-20,,skos:relatedMatch
nist_csf_v1.1,nist_csf_v1.1:de.cm-3,nist_800_53_v4:ac-2,,skos:relatedMatch
nist_csf_v1.1,nist_csf_v1.1:de.cm-3,nist_800_53_v4:au-12,,skos:relatedMatch
nist_csf_v1.1,nist_csf_v1.1:de.cm-3,nist_800_53_v4:au-13,,skos:relatedMatch
nist_csf_v1.1,nist_csf_v1.1:de.cm-3,nist_800_53_v4:ca-7,,skos:relatedMatch
nist_csf_v1.1,nist_csf_v1.1:de.cm-3,nist_800_53_v4:cm-10,,skos:relatedMatch
nist_csf_v1.1,nist_csf_v1.1:de.cm-3,nist_800_53_v4:cm-11,,skos:relatedMatch
nist_csf_v1.1,nist_csf_v1.1:de.cm-4,nist_800_53_v4:si-3,,skos:relatedMatch
nist_csf_v1.1,nist_csf_v1.1:de.cm-4,nist_800_53_v4:si-8,,skos:relatedMatch
nist_csf_v1.1,nist_csf_v1.1:de.cm-5,nist_800_53_v4:sc-18,,skos:relatedMatch
nist_csf_v1.1,nist_csf_v1.1:de.cm-5,nist_800_53_v4:si-4,,skos:relatedMatch
nist_csf_v1.1,nist_csf_v1.1:de.cm-5,nist_800_53_v4:sc-44,,skos:relatedMatch
nist_csf_v1.1,nist_csf_v1.1:de.cm-6,nist_800_53_v4:ca-7,,skos:relatedMatch
nist_csf_v1.1,nist_csf_v1.1:de.cm-6,nist_800_53_v4:ps-7,,skos:relatedMatch
nist_csf_v1.1,nist_csf_v1.1:de.cm-6,nist_800_53_v4:sa-4,,skos:relatedMatch
nist_csf_v1.1,nist_csf_v1.1:de.cm-6,nist_800_53_v4:sa-9,,skos:relatedMatch
nist_csf_v1.1,nist_csf_v1.1:de.cm-6,nist_800_53_v4:si-4,,skos:relatedMatch
nist_csf_v1.1,nist_csf_v1.1:de.cm-7,nist_800_53_v4:au-12,,skos:relatedMatch
nist_csf_v1.1,nist_csf_v1.1:de.cm-7,nist_800_53_v4:ca-7,,skos:relatedMatch
nist_csf_v1.1,nist_csf_v1.1:de.cm-7,nist_800_53_v4:cm-3,,skos:relatedMatch
nist_csf_v1.1,nist_csf_v1.1:de.cm-7,nist_800_53_v4:cm-8,,skos:relatedMatch
nist_csf_v1.1,nist_csf_v1.1:de.cm-7,nist_800_53_v4:pe-3,,skos:relatedMatch
nist_csf_v1.1,nist_csf_v1.1:de.cm-7,nist_800_53_v4:pe-6,,skos:relatedMatch
nist_csf_v1.1,nist_csf_v1.1:de.cm-7,nist_800_53_v4:pe-20,,skos:relatedMatch
nist_csf_v1.1,nist_csf_v1.1:de.cm-7,nist_800_53_v4:si-4,,skos:relatedMatch
nist_csf_v1.1,nist_csf_v1.1:de.cm-8,nist_800_53_v4:ra-5,,skos:relatedMatch
nist_csf_v1.1,nist_csf_v1.1:de.dp-1,nist_800_53_v4:ca-2,,skos:relatedMatch
nist_csf_v1.1,nist_csf_v1.1:de.dp-1,nist_800_53_v4:ca-7,,skos:relatedMatch
nist_csf_v1.1,nist_csf_v1.1:de.dp-1,nist_800_53_v4:pm-14,,skos:relatedMatch
nist_csf_v1.1,nist_csf_v1.1:de.dp-2,nist_800_53_v4:ac-25,,skos:relatedMatch
nist_csf_v1.1,nist_csf_v1.1:de.dp-2,nist_800_53_v4:ca-2,,skos:relatedMatch
nist_csf_v1.1,nist_csf_v1.1:de.dp-2,nist_800_53_v4:ca-7,,skos:relatedMatch
nist_csf_v1.1,nist_csf_v1.1:de.dp-2,nist_800_53_v4:sa-18,,skos:relatedMatch
nist_csf_v1.1,nist_csf_v1.1:de.dp-2,nist_800_53_v4:si-4,,skos:relatedMatch
nist_csf_v1.1,nist_csf_v1.1:de.dp-2,nist_800_53_v4:pm-14,,skos:relatedMatch
nist_csf_v1.1,nist_csf_v1.1:de.dp-3,nist_800_53_v4:ca-2,,skos:relatedMatch
nist_csf_v1.1,nist_csf_v1.1:de.dp-3,nist_800_53_v4:ca-7,,skos:relatedMatch
nist_csf_v1.1,nist_csf_v1.1:de.dp-3,nist_800_53_v4:pe-3,,skos:relatedMatch
nist_csf_v1.1,nist_csf_v1.1:de.dp-3,nist_800_53_v4:si-3,,skos:relatedMatch
nist_csf_v1.1,nist_csf_v1.1:de.dp-3,nist_800_53_v4:si-4,,skos:relatedMatch
nist_csf_v1.1,nist_csf_v1.1:de.dp-3,nist_800_53_v4:pm-14,,skos:relatedMatch
nist_csf_v1.1,nist_csf_v1.1:de.dp-4,nist_800_53_v4:au-6,,skos:relatedMatch
nist_csf_v1.1,nist_csf_v1.1:de.dp-4,nist_800_53_v4:ca-2,,skos:relatedMatch
nist_csf_v1.1,nist_csf_v1.1:de.dp-4,nist_800_53_v4:ca-7,,skos:relatedMatch
nist_csf_v1.1,nist_csf_v1.1:de.dp-4,nist_800_53_v4:ra-5,,skos:relatedMatch
nist_csf_v1.1,nist_csf_v1.1:de.dp-4,nist_800_53_v4:si-4,,skos:relatedMatch
nist_csf_v1.1,nist_csf_v1.1:de.dp-5,nist_800_53_v4:ca-2,,skos:relatedMatch
nist_csf_v1.1,nist_csf_v1.1:de.dp-5,nist_800_53_v4:ca-7,,skos:relatedMatch
nist_csf_v1.1,nist_csf_v1.1:de.dp-5,nist_800_53_v4:pl-2,,skos:relatedMatch
nist_csf_v1.1,nist_csf_v1.1:de.dp-5,nist_800_53_v4:ra-5,,skos:relatedMatch
nist_csf_v1.1,nist_csf_v1.1:de.dp-5,nist_800_53_v4:si-4,,skos:relatedMatch
nist_csf_v1.1,nist_csf_v1.1:de.dp-5,nist_800_53_v4:pm-14,,skos:relatedMatch
nist_csf_v1.1,nist_csf_v1.1:rs.rp-1,nist_800_53_v4:cp-2,,skos:relatedMatch
nist_csf_v1.1,nist_csf_v1.1:rs.rp-1,nist_800_53_v4:cp-10,,skos:relatedMatch
nist_csf_v1.1,nist_csf_v1.1:rs.rp-1,nist_800_53_v4:ir-4,,skos:relatedMatch
nist_csf_v1.1,nist_csf_v1.1:rs.rp-1,nist_800_53_v4:ir-8,,skos:relatedMatch
nist_csf_v1.1,nist_csf_v1.1:rs.co-1,nist_800_53_v4:cp-2,,skos:relatedMatch
nist_csf_v1.1,nist_csf_v1.1:rs.co-1,nist_800_53_v4:cp-3,,skos:relatedMatch
nist_csf_v1.1,nist_csf_v1.1:rs.co-1,nist_800_53_v4:ir-3,,skos:relatedMatch
nist_csf_v1.1,nist_csf_v1.1:rs.co-1,nist_800_53_v4:ir-8,,skos:relatedMatch
nist_csf_v1.1,nist_csf_v1.1:rs.co-2,nist_800_53_v4:au-6,,skos:relatedMatch
nist_csf_v1.1,nist_csf_v1.1:rs.co-2,nist_800_53_v4:ir-6,,skos:relatedMatch
nist_csf_v1.1,nist_csf_v1.1:rs.co-2,nist_800_53_v4:ir-8,,skos:relatedMatch
nist_csf_v1.1,nist_csf_v1.1:rs.co-3,nist_800_53_v4:ca-2,,skos:relatedMatch
nist_csf_v1.1,nist_csf_v1.1:rs.co-3,nist_800_53_v4:ca-7,,skos:relatedMatch
nist_csf_v1.1,nist_csf_v1.1:rs.co-3,nist_800_53_v4:cp-2,,skos:relatedMatch
nist_csf_v1.1,nist_csf_v1.1:rs.co-3,nist_800_53_v4:ir-4,,skos:relatedMatch
nist_csf_v1.1,nist_csf_v1.1:rs.co-3,nist_800_53_v4:ir-8,,skos:relatedMatch
nist_csf_v1.1,nist_csf_v1.1:rs.co-3,nist_800_53_v4:pe-6,,skos:relatedMatch
nist_csf_v1.1,nist_csf_v1.1:rs.co-3,nist_800_53_v4:ra-5,,skos:relatedMatch
nist_csf_v1.1,nist_csf_v1.1:rs.co-3,nist_800_53_v4:si-4,,skos:relatedMatch
nist_csf_v1.1,nist_csf_v1.1:rs.co-4,nist_800_53_v4:cp-2,,skos:relatedMatch
nist_csf_v1.1,nist_csf_v1.1:rs.co-4,nist_800_53_v4:ir-4,,skos:relatedMatch
nist_csf_v1.1,nist_csf_v1.1:rs.co-4,nist_800_53_v4:ir-8,,skos:relatedMatch
nist_csf_v1.1,nist_csf_v1.1:rs.co-5,nist_800_53_v4:si-5,,skos:relatedMatch
nist_csf_v1.1,nist_csf_v1.1:rs.co-5,nist_800_53_v4:pm-15,,skos:relatedMatch
nist_csf_v1.1,nist_csf_v1.1:rs.an-1,nist_800_53_v4:au-6,,skos:relatedMatch
nist_csf_v1.1,nist_csf_v1.1:rs.an-1,nist_800_53_v4:ca-7,,skos:relatedMatch
nist_csf_v1.1,nist_csf_v1.1:rs.an-1,nist_800_53_v4:ir-4,,skos:relatedMatch
nist_csf_v1.1,nist_csf_v1.1:rs.an-1,nist_800_53_v4:ir-5,,skos:relatedMatch
nist_csf_v1.1,nist_csf_v1.1:rs.an-1,nist_800_53_v4:pe-6,,skos:relatedMatch
nist_csf_v1.1,nist_csf_v1.1:rs.an-1,nist_800_53_v4:si-4,,skos:relatedMatch
nist_csf_v1.1,nist_csf_v1.1:rs.an-2,nist_800_53_v4:cp-2,,skos:relatedMatch
nist_csf_v1.1,nist_csf_v1.1:rs.an-2,nist_800_53_v4:ir-4,,skos:relatedMatch
nist_csf_v1.1,nist_csf_v1.1:rs.an-3,nist_800_53_v4:au-7,,skos:relatedMatch
nist_csf_v1.1,nist_csf_v1.1:rs.an-3,nist_800_53_v4:ir-4,,skos:relatedMatch
nist_csf_v1.1,nist_csf_v1.1:rs.an-4,nist_800_53_v4:cp-2,,skos:relatedMatch
nist_csf_v1.1,nist_csf_v1.1:rs.an-4,nist_800_53_v4:ir-4,,skos:relatedMatch
nist_csf_v1.1,nist_csf_v1.1:rs.an-4,nist_800_53_v4:ir-5,,skos:relatedMatch
nist_csf_v1.1,nist_csf_v1.1:rs.an-4,nist_800_53_v4:ir-8,,skos:relatedMatch
nist_csf_v1.1,nist_csf_v1.1:rs.an-5,nist_800_53_v4:si-5,,skos:relatedMatch
nist_csf_v1.1,nist_csf_v1.1:rs.an-5,nist_800_53_v4:pm-15,,skos:relatedMatch
nist_csf_v1.1,nist_csf_v1.1:rs.mi-1,nist_800_53_v4:ir-4,,skos:relatedMatch
nist_csf_v1.1,nist_csf_v1.1:rs.mi-2,nist_800_53_v4:ir-4,,skos:relatedMatch
nist_csf_v1.1,nist_csf_v1.1:rs.mi-3,nist_800_53_v4:ca-7,,skos:relatedMatch
nist_csf_v1.1,nist_csf_v1.1:rs.mi-3,nist_800_53_v4:ra-3,,skos:relatedMatch
nist_csf_v1.1,nist_csf_v1.1:rs.mi-3,nist_800_53_v4:ra-5,,skos:relatedMatch
nist_csf_v1.1,nist_csf_v1.1:rs.im-1,nist_800_53_v4:cp-2,,skos:relatedMatch
nist_csf_v1.1,nist_csf_v1.1:rs.im-1,nist_800_53_v4:ir-4,,skos:relatedMatch
nist_csf_v1.1,nist_csf_v1.1:rs.im-1,nist_800_53_v4:ir-8,,skos:relatedMatch
nist_csf_v1.1,nist_csf_v1.1:rs.im-2,nist_800_53_v4:cp-2,,skos:relatedMatch
nist_csf_v1.1,nist_csf_v1.1:rs.im-2,nist_800_53_v4:ir-4,,skos:relatedMatch
nist_csf_v1.1,nist_csf_v1.1:rs.im-2,nist_800_53_v4:ir-8,,skos:relatedMatch
nist_csf_v1.1,nist_csf_v1.1:rc.rp-1,nist_800_53_v4:cp-10,,skos:relatedMatch
nist_csf_v1.1,nist_csf_v1.1:rc.rp-1,nist_800_53_v4:ir-4,,skos:relatedMatch
nist_csf_v1.1,nist_csf_v1.1:rc.rp-1,nist_800_53_v4:ir-8,,skos:relatedMatch
nist_csf_v1.1,nist_csf_v1.1:rc.im-1,nist_800_53_v4:cp-2,,skos:relatedMatch
nist_csf_v1.1,nist_csf_v1.1:rc.im-1,nist_800_53_v4:ir-4,,skos:relatedMatch
nist_csf_v1.1,nist_csf_v1.1:rc.im-1,nist_800_53_v4:ir-8,,skos:relatedMatch
nist_csf_v1.1,nist_csf_v1.1:rc.im-2,nist_800_53_v4:cp-2,,skos:relatedMatch
nist_csf_v1.1,nist_csf_v1.1:rc.im-2,nist_800_53_v4:ir-4,,skos:relatedMatch
nist_csf_v1.1,nist_csf_v1.1:rc.im-2,nist_800_53_v4:ir-8,,skos:relatedMatch
nist_csf_v1.1,nist_csf_v1.1:rc.co-3,nist_800_53_v4:cp-2,,skos:relatedMatch
nist_csf_v1.1,nist_csf_v1.1:rc.co-3,nist_800_53_v4:ir-4,,skos:relatedMatch
nist_csf_v1.1,nist_csf_v1.1:de.ae-1,cis_csc_v7.1:1,Informative Reference,skos:relatedMatch
nist_csf_v1.1,nist_csf_v1.1:de.ae-1,cis_csc_v7.1:4,Informative Reference,skos:relatedMatch
nist_csf_v1.1,nist_csf_v1.1:de.ae-1,cis_csc_v7.1:6,Informative Reference,skos:relatedMatch
nist_csf_v1.1,nist_csf_v1.1:de.ae-1,cis_csc_v7.1:12,Informative Reference,skos:relatedMatch
nist_csf_v1.1,nist_csf_v1.1:de.ae-1,cis_csc_v7.1:13,Informative Reference,skos:relatedMatch
nist_csf_v1.1,nist_csf_v1.1:de.ae-1,cis_csc_v7.1:15,Informative Reference,skos:relatedMatch
nist_csf_v1.1,nist_csf_v1.1:de.ae-1,cis_csc_v7.1:16,Informative Reference,skos:relatedMatch
nist_csf_v1.1,nist_csf_v1.1:de.ae-2,cis_csc_v7.1:3,Informative Reference,skos:relatedMatch
nist_csf_v1.1,nist_csf_v1.1:de.ae-2,cis_csc_v7.1:6,Informative Reference,skos:relatedMatch
nist_csf_v1.1,nist_csf_v1.1:de.ae-2,cis_csc_v7.1:13,Informative Reference,skos:relatedMatch
nist_csf_v1.1,nist_csf_v1.1:de.ae-2,cis_csc_v7.1:15,Informative Reference,skos:relatedMatch
nist_csf_v1.1,nist_csf_v1.1:de.ae-3,cis_csc_v7.1:1,Informative Reference,skos:relatedMatch
nist_csf_v1.1,nist_csf_v1.1:de.ae-3,cis_csc_v7.1:3,Informative Reference,skos:relatedMatch
nist_csf_v1.1,nist_csf_v1.1:de.ae-3,cis_csc_v7.1:4,Informative Reference,skos:relatedMatch
nist_csf_v1.1,nist_csf_v1.1:de.ae-3,cis_csc_v7.1:5,Informative Reference,skos:relatedMatch
nist_csf_v1.1,nist_csf_v1.1:de.ae-3,cis_csc_v7.1:6,Informative Reference,skos:relatedMatch
nist_csf_v1.1,nist_csf_v1.1:de.ae-3,cis_csc_v7.1:7,Informative Reference,skos:relatedMatch
nist_csf_v1.1,nist_csf_v1.1:de.ae-3,cis_csc_v7.1:8,Informative Reference,skos:relatedMatch
nist_csf_v1.1,nist_csf_v1.1:de.ae-3,cis_csc_v7.1:11,Informative Reference,skos:relatedMatch
nist_csf_v1.1,nist_csf_v1.1:de.ae-3,cis_csc_v7.1:12,Informative Reference,skos:relatedMatch
nist_csf_v1.1,nist_csf_v1.1:de.ae-3,cis_csc_v7.1:13,Informative Reference,skos:relatedMatch
nist_csf_v1.1,nist_csf_v1.1:de.ae-3,cis_csc_v7.1:14,Informative Reference,skos:relatedMatch
nist_csf_v1.1,nist_csf_v1.1:de.ae-3,cis_csc_v7.1:15,Informative Reference,skos:relatedMatch
nist_csf_v1.1,nist_csf_v1.1:de.ae-3,cis_csc_v7.1:16,Informative Reference,skos:relatedMatch
nist_csf_v1.1,nist_csf_v1.1:de.ae-4,cis_csc_v7.1:4,Informative Reference,skos:relatedMatch
nist_csf_v1.1,nist_csf_v1.1:de.ae-4,cis_csc_v7.1:6,Informative Reference,skos:relatedMatch
nist_csf_v1.1,nist_csf_v1.1:de.ae-5,cis_csc_v7.1:19,Informative Reference,skos:relatedMatch
nist_csf_v1.1,nist_csf_v1.1:de.ae-5,cis_csc_v7.1:6,Informative Reference,skos:relatedMatch
nist_csf_v1.1,nist_csf_v1.1:de.cm-1,cis_csc_v7.1:1,Informative Reference,skos:relatedMatch
nist_csf_v1.1,nist_csf_v1.1:de.cm-1,cis_csc_v7.1:7,Informative Reference,skos:relatedMatch
nist_csf_v1.1,nist_csf_v1.1:de.cm-1,cis_csc_v7.1:8,Informative Reference,skos:relatedMatch
nist_csf_v1.1,nist_csf_v1.1:de.cm-1,cis_csc_v7.1:12,Informative Reference,skos:relatedMatch
nist_csf_v1.1,nist_csf_v1.1:de.cm-1,cis_csc_v7.1:13,Informative Reference,skos:relatedMatch
nist_csf_v1.1,nist_csf_v1.1:de.cm-1,cis_csc_v7.1:15,Informative Reference,skos:relatedMatch
nist_csf_v1.1,nist_csf_v1.1:de.cm-1,cis_csc_v7.1:16,Informative Reference,skos:relatedMatch
nist_csf_v1.1,nist_csf_v1.1:de.cm-3,cis_csc_v7.1:5,Informative Reference,skos:relatedMatch
nist_csf_v1.1,nist_csf_v1.1:de.cm-3,cis_csc_v7.1:7,Informative Reference,skos:relatedMatch
nist_csf_v1.1,nist_csf_v1.1:de.cm-3,cis_csc_v7.1:14,Informative Reference,skos:relatedMatch
nist_csf_v1.1,nist_csf_v1.1:de.cm-3,cis_csc_v7.1:16,Informative Reference,skos:relatedMatch
nist_csf_v1.1,nist_csf_v1.1:de.cm-4,cis_csc_v7.1:4,Informative Reference,skos:relatedMatch
nist_csf_v1.1,nist_csf_v1.1:de.cm-4,cis_csc_v7.1:7,Informative Reference,skos:relatedMatch
nist_csf_v1.1,nist_csf_v1.1:de.cm-4,cis_csc_v7.1:8,Informative Reference,skos:relatedMatch
nist_csf_v1.1,nist_csf_v1.1:de.cm-4,cis_csc_v7.1:12,Informative Reference,skos:relatedMatch
nist_csf_v1.1,nist_csf_v1.1:de.cm-5,cis_csc_v7.1:7,Informative Reference,skos:relatedMatch
nist_csf_v1.1,nist_csf_v1.1:de.cm-5,cis_csc_v7.1:8,Informative Reference,skos:relatedMatch
nist_csf_v1.1,nist_csf_v1.1:de.cm-7,cis_csc_v7.1:1,Informative Reference,skos:relatedMatch
nist_csf_v1.1,nist_csf_v1.1:de.cm-7,cis_csc_v7.1:2,Informative Reference,skos:relatedMatch
nist_csf_v1.1,nist_csf_v1.1:de.cm-7,cis_csc_v7.1:3,Informative Reference,skos:relatedMatch
nist_csf_v1.1,nist_csf_v1.1:de.cm-7,cis_csc_v7.1:5,Informative Reference,skos:relatedMatch
nist_csf_v1.1,nist_csf_v1.1:de.cm-7,cis_csc_v7.1:9,Informative Reference,skos:relatedMatch
nist_csf_v1.1,nist_csf_v1.1:de.cm-7,cis_csc_v7.1:12,Informative Reference,skos:relatedMatch
nist_csf_v1.1,nist_csf_v1.1:de.cm-7,cis_csc_v7.1:13,Informative Reference,skos:relatedMatch
nist_csf_v1.1,nist_csf_v1.1:de.cm-7,cis_csc_v7.1:15,Informative Reference,skos:relatedMatch
nist_csf_v1.1,nist_csf_v1.1:de.cm-7,cis_csc_v7.1:16,Informative Reference,skos:relatedMatch
nist_csf_v1.1,nist_csf_v1.1:de.cm-8,cis_csc_v7.1:4,Informative Reference,skos:relatedMatch
nist_csf_v1.1,nist_csf_v1.1:de.cm-8,cis_csc_v7.1:20,Informative Reference,skos:relatedMatch
nist_csf_v1.1,nist_csf_v1.1:de.dp-1,cis_csc_v7.1:19,Informative Reference,skos:relatedMatch
nist_csf_v1.1,nist_csf_v1.1:de.dp-4,cis_csc_v7.1:19,Informative Reference,skos:relatedMatch
nist_csf_v1.1,nist_csf_v1.1:id.am-1,cis_csc_v7.1:1,Informative Reference,skos:relatedMatch
nist_csf_v1.1,nist_csf_v1.1:id.am-2,cis_csc_v7.1:2,Informative Reference,skos:relatedMatch
nist_csf_v1.1,nist_csf_v1.1:id.am-3,cis_csc_v7.1:12,Informative Reference,skos:relatedMatch
nist_csf_v1.1,nist_csf_v1.1:id.am-4,cis_csc_v7.1:12,Informative Reference,skos:relatedMatch
nist_csf_v1.1,nist_csf_v1.1:id.am-5,cis_csc_v7.1:13,Informative Reference,skos:relatedMatch
nist_csf_v1.1,nist_csf_v1.1:id.am-5,cis_csc_v7.1:14,Informative Reference,skos:relatedMatch
nist_csf_v1.1,nist_csf_v1.1:id.am-6,cis_csc_v7.1:17,Informative Reference,skos:relatedMatch
nist_csf_v1.1,nist_csf_v1.1:id.am-6,cis_csc_v7.1:19,Informative Reference,skos:relatedMatch
nist_csf_v1.1,nist_csf_v1.1:id.gv-1,cis_csc_v7.1:19,Informative Reference,skos:relatedMatch
nist_csf_v1.1,nist_csf_v1.1:id.gv-2,cis_csc_v7.1:19,Informative Reference,skos:relatedMatch
nist_csf_v1.1,nist_csf_v1.1:id.gv-3,cis_csc_v7.1:19,Informative Reference,skos:relatedMatch
nist_csf_v1.1,nist_csf_v1.1:id.ra-1,cis_csc_v7.1:4,Informative Reference,skos:relatedMatch
nist_csf_v1.1,nist_csf_v1.1:id.ra-2,cis_csc_v7.1:4,Informative Reference,skos:relatedMatch
nist_csf_v1.1,nist_csf_v1.1:id.ra-3,cis_csc_v7.1:4,Informative Reference,skos:relatedMatch
nist_csf_v1.1,nist_csf_v1.1:id.ra-4,cis_csc_v7.1:4,Informative Reference,skos:relatedMatch
nist_csf_v1.1,nist_csf_v1.1:id.ra-5,cis_csc_v7.1:4,Informative Reference,skos:relatedMatch
nist_csf_v1.1,nist_csf_v1.1:id.ra-6,cis_csc_v7.1:4,Informative Reference,skos:relatedMatch
nist_csf_v1.1,nist_csf_v1.1:id.rm-1,cis_csc_v7.1:4,Informative Reference,skos:relatedMatch
nist_csf_v1.1,nist_csf_v1.1:id.sc-1,cis_csc_v7.1:4,Informative Reference,skos:relatedMatch
nist_csf_v1.1,nist_csf_v1.1:id.sc-5,cis_csc_v7.1:19,Informative Reference,skos:relatedMatch
nist_csf_v1.1,nist_csf_v1.1:id.sc-5,cis_csc_v7.1:20,Informative Reference,skos:relatedMatch
nist_csf_v1.1,nist_csf_v1.1:pr.ac-1,cis_csc_v7.1:1,Informative Reference,skos:relatedMatch
nist_csf_v1.1,nist_csf_v1.1:pr.ac-1,cis_csc_v7.1:5,Informative Reference,skos:relatedMatch
nist_csf_v1.1,nist_csf_v1.1:pr.ac-1,cis_csc_v7.1:15,Informative Reference,skos:relatedMatch
nist_csf_v1.1,nist_csf_v1.1:pr.ac-1,cis_csc_v7.1:16,Informative Reference,skos:relatedMatch
nist_csf_v1.1,nist_csf_v1.1:pr.ac-3,cis_csc_v7.1:12,Informative Reference,skos:relatedMatch
nist_csf_v1.1,nist_csf_v1.1:pr.ac-4,cis_csc_v7.1:3,Informative Reference,skos:relatedMatch
nist_csf_v1.1,nist_csf_v1.1:pr.ac-4,cis_csc_v7.1:5,Informative Reference,skos:relatedMatch
nist_csf_v1.1,nist_csf_v1.1:pr.ac-4,cis_csc_v7.1:12,Informative Reference,skos:relatedMatch
nist_csf_v1.1,nist_csf_v1.1:pr.ac-4,cis_csc_v7.1:14,Informative Reference,skos:relatedMatch
nist_csf_v1.1,nist_csf_v1.1:pr.ac-4,cis_csc_v7.1:15,Informative Reference,skos:relatedMatch
nist_csf_v1.1,nist_csf_v1.1:pr.ac-4,cis_csc_v7.1:16,Informative Reference,skos:relatedMatch
nist_csf_v1.1,nist_csf_v1.1:pr.ac-4,cis_csc_v7.1:18,Informative Reference,skos:relatedMatch
nist_csf_v1.1,nist_csf_v1.1:pr.ac-5,cis_csc_v7.1:9,Informative Reference,skos:relatedMatch
nist_csf_v1.1,nist_csf_v1.1:pr.ac-5,cis_csc_v7.1:14,Informative Reference,skos:relatedMatch
nist_csf_v1.1,nist_csf_v1.1:pr.ac-5,cis_csc_v7.1:15,Informative Reference,skos:relatedMatch
nist_csf_v1.1,nist_csf_v1.1:pr.ac-5,cis_csc_v7.1:18,Informative Reference,skos:relatedMatch
nist_csf_v1.1,nist_csf_v1.1:pr.ac-6,cis_csc_v7.1:16,Informative Reference,skos:relatedMatch
nist_csf_v1.1,nist_csf_v1.1:pr.ac-7,cis_csc_v7.1:1,Informative Reference,skos:relatedMatch
nist_csf_v1.1,nist_csf_v1.1:pr.ac-7,cis_csc_v7.1:12,Informative Reference,skos:relatedMatch
nist_csf_v1.1,nist_csf_v1.1:pr.ac-7,cis_csc_v7.1:15,Informative Reference,skos:relatedMatch
nist_csf_v1.1,nist_csf_v1.1:pr.ac-7,cis_csc_v7.1:16,Informative Reference,skos:relatedMatch
nist_csf_v1.1,nist_csf_v1.1:pr.at-1,cis_csc_v7.1:17,Informative Reference,skos:relatedMatch
nist_csf_v1.1,nist_csf_v1.1:pr.at-1,cis_csc_v7.1:18,Informative Reference,skos:relatedMatch
nist_csf_v1.1,nist_csf_v1.1:pr.at-2,cis_csc_v7.1:5,Informative Reference,skos:relatedMatch
nist_csf_v1.1,nist_csf_v1.1:pr.at-2,cis_csc_v7.1:17,Informative Reference,skos:relatedMatch
nist_csf_v1.1,nist_csf_v1.1:pr.at-2,cis_csc_v7.1:18,Informative Reference,skos:relatedMatch
nist_csf_v1.1,nist_csf_v1.1:pr.at-3,cis_csc_v7.1:17,Informative Reference,skos:relatedMatch
nist_csf_v1.1,nist_csf_v1.1:pr.at-4,cis_csc_v7.1:17,Informative Reference,skos:relatedMatch
nist_csf_v1.1,nist_csf_v1.1:pr.at-4,cis_csc_v7.1:19,Informative Reference,skos:relatedMatch
nist_csf_v1.1,nist_csf_v1.1:pr.at-5,cis_csc_v7.1:17,Informative Reference,skos:relatedMatch
nist_csf_v1.1,nist_csf_v1.1:pr.ds-1,cis_csc_v7.1:13,Informative Reference,skos:relatedMatch
nist_csf_v1.1,nist_csf_v1.1:pr.ds-1,cis_csc_v7.1:14,Informative Reference,skos:relatedMatch
nist_csf_v1.1,nist_csf_v1.1:pr.ds-2,cis_csc_v7.1:13,Informative Reference,skos:relatedMatch
nist_csf_v1.1,nist_csf_v1.1:pr.ds-2,cis_csc_v7.1:14,Informative Reference,skos:relatedMatch
nist_csf_v1.1,nist_csf_v1.1:pr.ds-3,cis_csc_v7.1:1,Informative Reference,skos:relatedMatch
nist_csf_v1.1,nist_csf_v1.1:pr.ds-4,cis_csc_v7.1:1,Informative Reference,skos:relatedMatch
nist_csf_v1.1,nist_csf_v1.1:pr.ds-4,cis_csc_v7.1:2,Informative Reference,skos:relatedMatch
nist_csf_v1.1,nist_csf_v1.1:pr.ds-4,cis_csc_v7.1:13,Informative Reference,skos:relatedMatch
nist_csf_v1.1,nist_csf_v1.1:pr.ds-5,cis_csc_v7.1:13,Informative Reference,skos:relatedMatch
nist_csf_v1.1,nist_csf_v1.1:pr.ds-6,cis_csc_v7.1:2,Informative Reference,skos:relatedMatch
nist_csf_v1.1,nist_csf_v1.1:pr.ds-6,cis_csc_v7.1:3,Informative Reference,skos:relatedMatch
nist_csf_v1.1,nist_csf_v1.1:pr.ds-7,cis_csc_v7.1:18,Informative Reference,skos:relatedMatch
nist_csf_v1.1,nist_csf_v1.1:pr.ds-7,cis_csc_v7.1:20,Informative Reference,skos:relatedMatch
nist_csf_v1.1,nist_csf_v1.1:pr.ip-1,cis_csc_v7.1:3,Informative Reference,skos:relatedMatch
nist_csf_v1.1,nist_csf_v1.1:pr.ip-1,cis_csc_v7.1:9,Informative Reference,skos:relatedMatch
nist_csf_v1.1,nist_csf_v1.1:pr.ip-1,cis_csc_v7.1:11,Informative Reference,skos:relatedMatch
nist_csf_v1.1,nist_csf_v1.1:pr.ip-10,cis_csc_v7.1:19,Informative Reference,skos:relatedMatch
nist_csf_v1.1,nist_csf_v1.1:pr.ip-10,cis_csc_v7.1:20,Informative Reference,skos:relatedMatch
nist_csf_v1.1,nist_csf_v1.1:pr.ip-11,cis_csc_v7.1:5,Informative Reference,skos:relatedMatch
nist_csf_v1.1,nist_csf_v1.1:pr.ip-11,cis_csc_v7.1:16,Informative Reference,skos:relatedMatch
nist_csf_v1.1,nist_csf_v1.1:pr.ip-12,cis_csc_v7.1:4,Informative Reference,skos:relatedMatch
nist_csf_v1.1,nist_csf_v1.1:pr.ip-12,cis_csc_v7.1:18,Informative Reference,skos:relatedMatch
nist_csf_v1.1,nist_csf_v1.1:pr.ip-12,cis_csc_v7.1:20,Informative Reference,skos:relatedMatch
nist_csf_v1.1,nist_csf_v1.1:pr.ip-2,cis_csc_v7.1:18,Informative Reference,skos:relatedMatch
nist_csf_v1.1,nist_csf_v1.1:pr.ip-3,cis_csc_v7.1:3,Informative Reference,skos:relatedMatch
nist_csf_v1.1,nist_csf_v1.1:pr.ip-3,cis_csc_v7.1:11,Informative Reference,skos:relatedMatch
nist_csf_v1.1,nist_csf_v1.1:pr.ip-4,cis_csc_v7.1:10,Informative Reference,skos:relatedMatch
nist_csf_v1.1,nist_csf_v1.1:pr.ip-9,cis_csc_v7.1:19,Informative Reference,skos:relatedMatch
nist_csf_v1.1,nist_csf_v1.1:pr.ma-2,cis_csc_v7.1:3,Informative Reference,skos:relatedMatch
nist_csf_v1.1,nist_csf_v1.1:pr.ma-2,cis_csc_v7.1:5,Informative Reference,skos:relatedMatch
nist_csf_v1.1,nist_csf_v1.1:pr.pt-1,cis_csc_v7.1:1,Informative Reference,skos:relatedMatch
nist_csf_v1.1,nist_csf_v1.1:pr.pt-1,cis_csc_v7.1:3,Informative Reference,skos:relatedMatch
nist_csf_v1.1,nist_csf_v1.1:pr.pt-1,cis_csc_v7.1:5,Informative Reference,skos:relatedMatch
nist_csf_v1.1,nist_csf_v1.1:pr.pt-1,cis_csc_v7.1:6,Informative Reference,skos:relatedMatch
nist_csf_v1.1,nist_csf_v1.1:pr.pt-1,cis_csc_v7.1:14,Informative Reference,skos:relatedMatch
nist_csf_v1.1,nist_csf_v1.1:pr.pt-1,cis_csc_v7.1:15,Informative Reference,skos:relatedMatch
nist_csf_v1.1,nist_csf_v1.1:pr.pt-1,cis_csc_v7.1:16,Informative Reference,skos:relatedMatch
nist_csf_v1.1,nist_csf_v1.1:pr.pt-2,cis_csc_v7.1:8,Informative Reference,skos:relatedMatch
nist_csf_v1.1,nist_csf_v1.1:pr.pt-2,cis_csc_v7.1:13,Informative Reference,skos:relatedMatch
nist_csf_v1.1,nist_csf_v1.1:pr.pt-3,cis_csc_v7.1:3,Informative Reference,skos:relatedMatch
nist_csf_v1.1,nist_csf_v1.1:pr.pt-3,cis_csc_v7.1:11,Informative Reference,skos:relatedMatch
nist_csf_v1.1,nist_csf_v1.1:pr.pt-3,cis_csc_v7.1:14,Informative Reference,skos:relatedMatch
nist_csf_v1.1,nist_csf_v1.1:pr.pt-4,cis_csc_v7.1:8,Informative Reference,skos:relatedMatch
nist_csf_v1.1,nist_csf_v1.1:pr.pt-4,cis_csc_v7.1:12,Informative Reference,skos:relatedMatch
nist_csf_v1.1,nist_csf_v1.1:pr.pt-4,cis_csc_v7.1:15,Informative Reference,skos:relatedMatch
nist_csf_v1.1,nist_csf_v1.1:rc.rp-1,cis_csc_v7.1:10,Informative Reference,skos:relatedMatch
nist_csf_v1.1,nist_csf_v1.1:rs.an-1,cis_csc_v7.1:4,Informative Reference,skos:relatedMatch
nist_csf_v1.1,nist_csf_v1.1:rs.an-1,cis_csc_v7.1:6,Informative Reference,skos:relatedMatch
nist_csf_v1.1,nist_csf_v1.1:rs.an-1,cis_csc_v7.1:8,Informative Reference,skos:relatedMatch
nist_csf_v1.1,nist_csf_v1.1:rs.an-1,cis_csc_v7.1:19,Informative Reference,skos:relatedMatch
nist_csf_v1.1,nist_csf_v1.1:rs.an-4,cis_csc_v7.1:19,Informative Reference,skos:relatedMatch
nist_csf_v1.1,nist_csf_v1.1:rs.an-5,cis_csc_v7.1:4,Informative Reference,skos:relatedMatch
nist_csf_v1.1,nist_csf_v1.1:rs.an-5,cis_csc_v7.1:19,Informative Reference,skos:relatedMatch
nist_csf_v1.1,nist_csf_v1.1:rs.co-1,cis_csc_v7.1:19,Informative Reference,skos:relatedMatch
nist_csf_v1.1,nist_csf_v1.1:rs.co-2,cis_csc_v7.1:19,Informative Reference,skos:relatedMatch
nist_csf_v1.1,nist_csf_v1.1:rs.co-3,cis_csc_v7.1:19,Informative Reference,skos:relatedMatch
nist_csf_v1.1,nist_csf_v1.1:rs.co-4,cis_csc_v7.1:19,Informative Reference,skos:relatedMatch
nist_csf_v1.1,nist_csf_v1.1:rs.co-5,cis_csc_v7.1:19,Informative Reference,skos:relatedMatch
nist_csf_v1.1,nist_csf_v1.1:rs.mi-1,cis_csc_v7.1:19,Informative Reference,skos:relatedMatch
nist_csf_v1.1,nist_csf_v1.1:rs.mi-2,cis_csc_v7.1:4,Informative Reference,skos:relatedMatch
nist_csf_v1.1,nist_csf_v1.1:rs.mi-2,cis_csc_v7.1:19,Informative Reference,skos:relatedMatch
nist_csf_v1.1,nist_csf_v1.1:rs.mi-3,cis_csc_v7.1:4,Informative Reference,skos:relatedMatch
nist_csf_v1.1,nist_csf_v1.1:rs.rp-1,cis_csc_v7.1:19,Informative Reference,skos:relatedMatch
cis_csc_v7.1,cis_csc_v7.1:1.1,cis_csc_v7.1:1,,skos:broadMatch
cis_csc_v7.1,cis_csc_v7.1:1.2,cis_csc_v7.1:1,,skos:broadMatch
cis_csc_v7.1,cis_csc_v7.1:1.3,cis_csc_v7.1:1,,skos:broadMatch
cis_csc_v7.1,cis_csc_v7.1:1.4,cis_csc_v7.1:1,,skos:broadMatch
cis_csc_v7.1,cis_csc_v7.1:1.5,cis_csc_v7.1:1,,skos:broadMatch
cis_csc_v7.1,cis_csc_v7.1:1.6,cis_csc_v7.1:1,,skos:broadMatch
cis_csc_v7.1,cis_csc_v7.1:1.7,cis_csc_v7.1:1,,skos:broadMatch
cis_csc_v7.1,cis_csc_v7.1:1.8,cis_csc_v7.1:1,,skos:broadMatch
cis_csc_v7.1,cis_csc_v7.1:10.1,cis_csc_v7.1:10,,skos:broadMatch
cis_csc_v7.1,cis_csc_v7.1:10.2,cis_csc_v7.1:10,,skos:broadMatch
cis_csc_v7.1,cis_csc_v7.1:10.3,cis_csc_v7.1:10,,skos:broadMatch
cis_csc_v7.1,cis_csc_v7.1:10.4,cis_csc_v7.1:10,,skos:broadMatch
cis_csc_v7.1,cis_csc_v7.1:10.5,cis_csc_v7.1:10,,skos:broadMatch
cis_csc_v7.1,cis_csc_v7.1:11.1,cis_csc_v7.1:11,,skos:broadMatch
cis_csc_v7.1,cis_csc_v7.1:11.2,cis_csc_v7.1:11,,skos:broadMatch
cis_csc_v7.1,cis_csc_v7.1:11.3,cis_csc_v7.1:11,,skos:broadMatch
cis_csc_v7.1,cis_csc_v7.1:11.4,cis_csc_v7.1:11,,skos:broadMatch
cis_csc_v7.1,cis_csc_v7.1:11.5,cis_csc_v7.1:11,,skos:broadMatch
cis_csc_v7.1,cis_csc_v7.1:11.6,cis_csc_v7.1:11,,skos:broadMatch
cis_csc_v7.1,cis_csc_v7.1:11.7,cis_csc_v7.1:11,,skos:broadMatch
cis_csc_v7.1,cis_csc_v7.1:12.1,cis_csc_v7.1:12,,skos:broadMatch
cis_csc_v7.1,cis_csc_v7.1:12.10,cis_csc_v7.1:12,,skos:broadMatch
cis_csc_v7.1,cis_csc_v7.1:12.11,cis_csc_v7.1:12,,skos:broadMatch
cis_csc_v7.1,cis_csc_v7.1:12.12,cis_csc_v7.1:12,,skos:broadMatch
cis_csc_v7.1,cis_csc_v7.1:12.2,cis_csc_v7.1:12,,skos:broadMatch
cis_csc_v7.1,cis_csc_v7.1:12.3,cis_csc_v7.1:12,,skos:broadMatch
cis_csc_v7.1,cis_csc_v7.1:12.4,cis_csc_v7.1:12,,skos:broadMatch
cis_csc_v7.1,cis_csc_v7.1:12.5,cis_csc_v7.1:12,,skos:broadMatch
cis_csc_v7.1,cis_csc_v7.1:12.6,cis_csc_v7.1:12,,skos:broadMatch
cis_csc_v7.1,cis_csc_v7.1:12.7,cis_csc_v7.1:12,,skos:broadMatch
cis_csc_v7.1,cis_csc_v7.1:12.8,cis_csc_v7.1:12,,skos:broadMatch
cis_csc_v7.1,cis_csc_v7.1:12.9,cis_csc_v7.1:12,,skos:broadMatch
cis_csc_v7.1,cis_csc_v7.1:13.1,cis_csc_v7.1:13,,skos:broadMatch
cis_csc_v7.1,cis_csc_v7.1:13.2,cis_csc_v7.1:13,,skos:broadMatch
cis_csc_v7.1,cis_csc_v7.1:13.3,cis_csc_v7.1:13,,skos:broadMatch
cis_csc_v7.1,cis_csc_v7.1:13.4,cis_csc_v7.1:13,,skos:broadMatch
cis_csc_v7.1,cis_csc_v7.1:13.5,cis_csc_v7.1:13,,skos:broadMatch
cis_csc_v7.1,cis_csc_v7.1:13.6,cis_csc_v7.1:13,,skos:broadMatch
cis_csc_v7.1,cis_csc_v7.1:13.7,cis_csc_v7.1:13,,skos:broadMatch
cis_csc_v7.1,cis_csc_v7.1:13.8,cis_csc_v7.1:13,,skos:broadMatch
cis_csc_v7.1,cis_csc_v7.1:13.9,cis_csc_v7.1:13,,skos:broadMatch
cis_csc_v7.1,cis_csc_v7.1:14.1,cis_csc_v7.1:14,,skos:broadMatch
cis_csc_v7.1,cis_csc_v7.1:14.2,cis_csc_v7.1:14,,skos:broadMatch
cis_csc_v7.1,cis_csc_v7.1:14.3,cis_csc_v7.1:14,,skos:broadMatch
cis_csc_v7.1,cis_csc_v7.1:14.4,cis_csc_v7.1:14,,skos:broadMatch
cis_csc_v7.1,cis_csc_v7.1:14.5,cis_csc_v7.1:14,,skos:broadMatch
cis_csc_v7.1,cis_csc_v7.1:14.6,cis_csc_v7.1:14,,skos:broadMatch
cis_csc_v7.1,cis_csc_v7.1:14.7,cis_csc_v7.1:14,,skos:broadMatch
cis_csc_v7.1,cis_csc_v7.1:14.8,cis_csc_v7.1:14,,skos:broadMatch
cis_csc_v7.1,cis_csc_v7.1:14.9,cis_csc_v7.1:14,,skos:broadMatch
cis_csc_v7.1,cis_csc_v7.1:15.1,cis_csc_v7.1:15,,skos:broadMatch
cis_csc_v7.1,cis_csc_v7.1:15.10,cis_csc_v7.1:15,,skos:broadMatch
cis_csc_v7.1,cis_csc_v7.1:15.2,cis_csc_v7.1:15,,skos:broadMatch
cis_csc_v7.1,cis_csc_v7.1:15.3,cis_csc_v7.1:15,,skos:broadMatch
cis_csc_v7.1,cis_csc_v7.1:15.4,cis_csc_v7.1:15,,skos:broadMatch
cis_csc_v7.1,cis_csc_v7.1:15.5,cis_csc_v7.1:15,,skos:broadMatch
cis_csc_v7.1,cis_csc_v7.1:15.6,cis_csc_v7.1:15,,skos:broadMatch
cis_csc_v7.1,cis_csc_v7.1:15.7,cis_csc_v7.1:15,,skos:broadMatch
cis_csc_v7.1,cis_csc_v7.1:15.8,cis_csc_v7.1:15,,skos:broadMatch
cis_csc_v7.1,cis_csc_v7.1:15.9,cis_csc_v7.1:15,,skos:broadMatch
cis_csc_v7.1,cis_csc_v7.1:16.1,cis_csc_v7.1:16,,skos:broadMatch
cis_csc_v7.1,cis_csc_v7.1:16.10,cis_csc_v7.1:16,,skos:broadMatch
cis_csc_v7.1,cis_csc_v7.1:16.11,cis_csc_v7.1:16,,skos:broadMatch
cis_csc_v7.1,cis_csc_v7.1:16.12,cis_csc_v7.1:16,,skos:broadMatch
cis_csc_v7.1,cis_csc_v7.1:16.13,cis_csc_v7.1:16,,skos:broadMatch
cis_csc_v7.1,cis_csc_v7.1:16.2,cis_csc_v7.1:16,,skos:broadMatch
cis_csc_v7.1,cis_csc_v7.1:16.3,cis_csc_v7.1:16,,skos:broadMatch
cis_csc_v7.1,cis_csc_v7.1:16.4,cis_csc_v7.1:16,,skos:broadMatch
cis_csc_v7.1,cis_csc_v7.1:16.5,cis_csc_v7.1:16,,skos:broadMatch
cis_csc_v7.1,cis_csc_v7.1:16.6,cis_csc_v7.1:16,,skos:broadMatch
cis_csc_v7.1,cis_csc_v7.1:16.7,cis_csc_v7.1:16,,skos:broadMatch
cis_csc_v7.1,cis_csc_v7.1:16.8,cis_csc_v7.1:16,,skos:broadMatch
cis_csc_v7.1,cis_csc_v7.1:16.9,cis_csc_v7.1:16,,skos:broadMatch
cis_csc_v7.1,cis_csc_v7.1:17.1,cis_csc_v7.1:17,,skos:broadMatch
cis_csc_v7.1,cis_csc_v7.1:17.2,cis_csc_v7.1:17,,skos:broadMatch
cis_csc_v7.1,cis_csc_v7.1:17.3,cis_csc_v7.1:17,,skos:broadMatch
cis_csc_v7.1,cis_csc_v7.1:17.4,cis_csc_v7.1:17,,skos:broadMatch
cis_csc_v7.1,cis_csc_v7.1:17.5,cis_csc_v7.1:17,,skos:broadMatch
cis_csc_v7.1,cis_csc_v7.1:17.6,cis_csc_v7.1:17,,skos:broadMatch
cis_csc_v7.1,cis_csc_v7.1:17.7,cis_csc_v7.1:17,,skos:broadMatch
cis_csc_v7.1,cis_csc_v7.1:17.8,cis_csc_v7.1:17,,skos:broadMatch
cis_csc_v7.1,cis_csc_v7.1:17.9,cis_csc_v7.1:17,,skos:broadMatch
cis_csc_v7.1,cis_csc_v7.1:18.1,cis_csc_v7.1:18,,skos:broadMatch
cis_csc_v7.1,cis_csc_v7.1:18.10,cis_csc_v7.1:18,,skos:broadMatch
cis_csc_v7.1,cis_csc_v7.1:18.11,cis_csc_v7.1:18,,skos:broadMatch
cis_csc_v7.1,cis_csc_v7.1:18.2,cis_csc_v7.1:18,,skos:broadMatch
cis_csc_v7.1,cis_csc_v7.1:18.3,cis_csc_v7.1:18,,skos:broadMatch
cis_csc_v7.1,cis_csc_v7.1:18.4,cis_csc_v7.1:18,,skos:broadMatch
cis_csc_v7.1,cis_csc_v7.1:18.5,cis_csc_v7.1:18,,skos:broadMatch
cis_csc_v7.1,cis_csc_v7.1:18.6,cis_csc_v7.1:18,,skos:broadMatch
cis_csc_v7.1,cis_csc_v7.1:18.7,cis_csc_v7.1:18,,skos:broadMatch
cis_csc_v7.1,cis_csc_v7.1:18.8,cis_csc_v7.1:18,,skos:broadMatch
cis_csc_v7.1,cis_csc_v7.1:18.9,cis_csc_v7.1:18,,skos:broadMatch
cis_csc_v7.1,cis_csc_v7.1:19.1,cis_csc_v7.1:19,,skos:broadMatch
cis_csc_v7.1,cis_csc_v7.1:19.2,cis_csc_v7.1:19,,skos:broadMatch
cis_csc_v7.1,cis_csc_v7.1:19.3,cis_csc_v7.1:19,,skos:broadMatch
cis_csc_v7.1,cis_csc_v7.1:19.4,cis_csc_v7.1:19,,skos:broadMatch
cis_csc_v7.1,cis_csc_v7.1:19.5,cis_csc_v7.1:19,,skos:broadMatch
cis_csc_v7.1,cis_csc_v7.1:19.6,cis_csc_v7.1:19,,skos:broadMatch
cis_csc_v7.1,cis_csc_v7.1:19.7,cis_csc_v7.1:19,,skos:broadMatch
cis_csc_v7.1,cis_csc_v7.1:19.8,cis_csc_v7.1:19,,skos:broadMatch
cis_csc_v7.1,cis_csc_v7.1:2.1,cis_csc_v7.1:2,,skos:broadMatch
cis_csc_v7.1,cis_csc_v7.1:2.10,cis_csc_v7.1:2,,skos:broadMatch
cis_csc_v7.1,cis_csc_v7.1:2.2,cis_csc_v7.1:2,,skos:broadMatch
cis_csc_v7.1,cis_csc_v7.1:2.3,cis_csc_v7.1:2,,skos:broadMatch
cis_csc_v7.1,cis_csc_v7.1:2.4,cis_csc_v7.1:2,,skos:broadMatch
cis_csc_v7.1,cis_csc_v7.1:2.5,cis_csc_v7.1:2,,skos:broadMatch
cis_csc_v7.1,cis_csc_v7.1:2.6,cis_csc_v7.1:2,,skos:broadMatch
cis_csc_v7.1,cis_csc_v7.1:2.7,cis_csc_v7.1:2,,skos:broadMatch
cis_csc_v7.1,cis_csc_v7.1:2.8,cis_csc_v7.1:2,,skos:broadMatch
cis_csc_v7.1,cis_csc_v7.1:2.9,cis_csc_v7.1:2,,skos:broadMatch
cis_csc_v7.1,cis_csc_v7.1:20.1,cis_csc_v7.1:20,,skos:broadMatch
cis_csc_v7.1,cis_csc_v7.1:20.2,cis_csc_v7.1:20,,skos:broadMatch
cis_csc_v7.1,cis_csc_v7.1:20.3,cis_csc_v7.1:20,,skos:broadMatch
cis_csc_v7.1,cis_csc_v7.1:20.4,cis_csc_v7.1:20,,skos:broadMatch
cis_csc_v7.1,cis_csc_v7.1:20.5,cis_csc_v7.1:20,,skos:broadMatch
cis_csc_v7.1,cis_csc_v7.1:20.6,cis_csc_v7.1:20,,skos:broadMatch
cis_csc_v7.1,cis_csc_v7.1:20.7,cis_csc_v7.1:20,,skos:broadMatch
cis_csc_v7.1,cis_csc_v7.1:20.8,cis_csc_v7.1:20,,skos:broadMatch
cis_csc_v7.1,cis_csc_v7.1:3.1,cis_csc_v7.1:3,,skos:broadMatch
cis_csc_v7.1,cis_csc_v7.1:3.2,cis_csc_v7.1:3,,skos:broadMatch
cis_csc_v7.1,cis_csc_v7.1:3.3,cis_csc_v7.1:3,,skos:broadMatch
cis_csc_v7.1,cis_csc_v7.1:3.4,cis_csc_v7.1:3,,skos:broadMatch
cis_csc_v7.1,cis_csc_v7.1:3.5,cis_csc_v7.1:3,,skos:broadMatch
cis_csc_v7.1,cis_csc_v7.1:3.6,cis_csc_v7.1:3,,skos:broadMatch
cis_csc_v7.1,cis_csc_v7.1:3.7,cis_csc_v7.1:3,,skos:broadMatch
cis_csc_v7.1,cis_csc_v7.1:4.1,cis_csc_v7.1:4,,skos:broadMatch
cis_csc_v7.1,cis_csc_v7.1:4.2,cis_csc_v7.1:4,,skos:broadMatch
cis_csc_v7.1,cis_csc_v7.1:4.3,cis_csc_v7.1:4,,skos:broadMatch
cis_csc_v7.1,cis_csc_v7.1:4.4,cis_csc_v7.1:4,,skos:broadMatch
cis_csc_v7.1,cis_csc_v7.1:4.5,cis_csc_v7.1:4,,skos:broadMatch
cis_csc_v7.1,cis_csc_v7.1:4.6,cis_csc_v7.1:4,,skos:broadMatch
cis_csc_v7.1,cis_csc_v7.1:4.7,cis_csc_v7.1:4,,skos:broadMatch
cis_csc_v7.1,cis_csc_v7.1:4.8,cis_csc_v7.1:4,,skos:broadMatch
cis_csc_v7.1,cis_csc_v7.1:4.9,cis_csc_v7.1:4,,skos:broadMatch
cis_csc_v7.1,cis_csc_v7.1:5.1,cis_csc_v7.1:5,,skos:broadMatch
cis_csc_v7.1,cis_csc_v7.1:5.2,cis_csc_v7.1:5,,skos:broadMatch
cis_csc_v7.1,cis_csc_v7.1:5.3,cis_csc_v7.1:5,,skos:broadMatch
cis_csc_v7.1,cis_csc_v7.1:5.4,cis_csc_v7.1:5,,skos:broadMatch
cis_csc_v7.1,cis_csc_v7.1:5.5,cis_csc_v7.1:5,,skos:broadMatch
cis_csc_v7.1,cis_csc_v7.1:6.1,cis_csc_v7.1:6,,skos:broadMatch
cis_csc_v7.1,cis_csc_v7.1:6.2,cis_csc_v7.1:6,,skos:broadMatch
cis_csc_v7.1,cis_csc_v7.1:6.3,cis_csc_v7.1:6,,skos:broadMatch
cis_csc_v7.1,cis_csc_v7.1:6.4,cis_csc_v7.1:6,,skos:broadMatch
cis_csc_v7.1,cis_csc_v7.1:6.5,cis_csc_v7.1:6,,skos:broadMatch
cis_csc_v7.1,cis_csc_v7.1:6.6,cis_csc_v7.1:6,,skos:broadMatch
cis_csc_v7.1,cis_csc_v7.1:6.7,cis_csc_v7.1:6,,skos:broadMatch
cis_csc_v7.1,cis_csc_v7.1:6.8,cis_csc_v7.1:6,,skos:broadMatch
cis_csc_v7.1,cis_csc_v7.1:7.1,cis_csc_v7.1:7,,skos:broadMatch
cis_csc_v7.1,cis_csc_v7.1:7.10,cis_csc_v7.1:7,,skos:broadMatch
cis_csc_v7.1,cis_csc_v7.1:7.2,cis_csc_v7.1:7,,skos:broadMatch
cis_csc_v7.1,cis_csc_v7.1:7.3,cis_csc_v7.1:7,,skos:broadMatch
cis_csc_v7.1,cis_csc_v7.1:7.4,cis_csc_v7.1:7,,skos:broadMatch
cis_csc_v7.1,cis_csc_v7.1:7.5,cis_csc_v7.1:7,,skos:broadMatch
cis_csc_v7.1,cis_csc_v7.1:7.6,cis_csc_v7.1:7,,skos:broadMatch
cis_csc_v7.1,cis_csc_v7.1:7.7,cis_csc_v7.1:7,,skos:broadMatch
cis_csc_v7.1,cis_csc_v7.1:7.8,cis_csc_v7.1:7,,skos:broadMatch
cis_csc_v7.1,cis_csc_v7.1:7.9,cis_csc_v7.1:7,,skos:broadMatch
cis_csc_v7.1,cis_csc_v7.1:8.1,cis_csc_v7.1:8,,skos:broadMatch
cis_csc_v7.1,cis_csc_v7.1:8.2,cis_csc_v7.1:8,,skos:broadMatch
cis_csc_v7.1,cis_csc_v7.1:8.3,cis_csc_v7.1:8,,skos:broadMatch
cis_csc_v7.1,cis_csc_v7.1:8.4,cis_csc_v7.1:8,,skos:broadMatch
cis_csc_v7.1,cis_csc_v7.1:8.5,cis_csc_v7.1:8,,skos:broadMatch
cis_csc_v7.1,cis_csc_v7.1:8.6,cis_csc_v7.1:8,,skos:broadMatch
cis_csc_v7.1,cis_csc_v7.1:8.7,cis_csc_v7.1:8,,skos:broadMatch
cis_csc_v7.1,cis_csc_v7.1:8.8,cis_csc_v7.1:8,,skos:broadMatch
cis_csc_v7.1,cis_csc_v7.1:9.1,cis_csc_v7.1:9,,skos:broadMatch
cis_csc_v7.1,cis_csc_v7.1:9.2,cis_csc_v7.1:9,,skos:broadMatch
cis_csc_v7.1,cis_csc_v7.1:9.3,cis_csc_v7.1:9,,skos:broadMatch
cis_csc_v7.1,cis_csc_v7.1:9.4,cis_csc_v7.1:9,,skos:broadMatch
cis_csc_v7.1,cis_csc_v7.1:9.5,cis_csc_v7.1:9,,skos:broadMatch
